2025-03-23 02:00:19 [main] INFO  BaseClass - config.properties file loaded
2025-03-23 02:00:23 [main] INFO  BaseClass - ChromeDriver initiated is created
2025-03-23 02:00:30 [main] INFO  BaseClass - WebDriver initialozed and browser maximized
2025-03-23 02:00:30 [main] INFO  ActionDriver - WebDriver instance is created
2025-03-23 02:00:30 [main] INFO  BaseClass - ActionDriver instance is created
2025-03-23 02:00:30 [main] TRACE BaseClass - This is a Trace Message
2025-03-23 02:00:30 [main] DEBUG BaseClass - This is a Debug Message
2025-03-23 02:00:30 [main] WARN  BaseClass - This is a Warn Message
2025-03-23 02:00:30 [main] INFO  ActionDriver - Entered text :Holi
2025-03-23 02:00:30 [main] INFO  ActionDriver - Entered text :Holika
2025-03-23 02:00:31 [main] INFO  ActionDriver - Clicked an element
2025-03-23 02:00:32 [main] INFO  ActionDriver - Texts are matching : Invalid credentials equals Invalid credentials
2025-03-23 02:00:38 [main] INFO  BaseClass - ActionDriver instance is closed
2025-03-23 02:00:38 [main] INFO  BaseClass - WebDriver instance is closed
2025-03-23 02:00:40 [main] INFO  BaseClass - ChromeDriver initiated is created
2025-03-23 02:00:46 [main] INFO  BaseClass - WebDriver initialozed and browser maximized
2025-03-23 02:00:46 [main] INFO  ActionDriver - WebDriver instance is created
2025-03-23 02:00:46 [main] INFO  BaseClass - ActionDriver instance is created
2025-03-23 02:00:46 [main] TRACE BaseClass - This is a Trace Message
2025-03-23 02:00:46 [main] DEBUG BaseClass - This is a Debug Message
2025-03-23 02:00:46 [main] WARN  BaseClass - This is a Warn Message
2025-03-23 02:00:46 [main] INFO  ActionDriver - Entered text :Admin
2025-03-23 02:00:46 [main] INFO  ActionDriver - Entered text :admin1234
2025-03-23 02:00:48 [main] INFO  ActionDriver - Clicked an element
2025-03-23 02:01:55 [main] INFO  BaseClass - ActionDriver instance is closed
2025-03-23 02:01:55 [main] INFO  BaseClass - WebDriver instance is closed
2025-03-23 02:01:57 [main] INFO  BaseClass - ChromeDriver initiated is created
2025-03-23 02:02:03 [main] INFO  BaseClass - WebDriver initialozed and browser maximized
2025-03-23 02:02:03 [main] INFO  ActionDriver - WebDriver instance is created
2025-03-23 02:02:03 [main] INFO  BaseClass - ActionDriver instance is created
2025-03-23 02:02:03 [main] TRACE BaseClass - This is a Trace Message
2025-03-23 02:02:03 [main] DEBUG BaseClass - This is a Debug Message
2025-03-23 02:02:03 [main] WARN  BaseClass - This is a Warn Message
2025-03-23 02:02:04 [main] INFO  ActionDriver - Entered text :Admin
2025-03-23 02:02:04 [main] INFO  ActionDriver - Entered text :admin123
2025-03-23 02:02:05 [main] INFO  ActionDriver - Clicked an element
2025-03-23 02:02:06 [main] INFO  ActionDriver - Clicked an element
2025-03-23 02:02:08 [main] INFO  ActionDriver - Clicked an element
2025-03-23 02:02:15 [main] INFO  BaseClass - ActionDriver instance is closed
2025-03-23 02:02:15 [main] INFO  BaseClass - WebDriver instance is closed
2025-03-23 02:03:23 [main] INFO  BaseClass - config.properties file loaded
2025-03-23 02:03:26 [main] INFO  BaseClass - ChromeDriver initiated is created
2025-03-23 02:03:31 [main] INFO  BaseClass - WebDriver initialozed and browser maximized
2025-03-23 02:03:31 [main] INFO  ActionDriver - WebDriver instance is created
2025-03-23 02:03:31 [main] INFO  BaseClass - ActionDriver instance is created
2025-03-23 02:03:31 [main] TRACE BaseClass - This is a Trace Message
2025-03-23 02:03:31 [main] DEBUG BaseClass - This is a Debug Message
2025-03-23 02:03:31 [main] WARN  BaseClass - This is a Warn Message
2025-03-23 02:03:31 [main] INFO  ActionDriver - Entered text :Holi
2025-03-23 02:03:31 [main] INFO  ActionDriver - Entered text :Holika
2025-03-23 02:03:32 [main] INFO  ActionDriver - Clicked an element
2025-03-23 02:03:33 [main] INFO  ActionDriver - Texts are matching : Invalid credentials equals Invalid credentials
2025-03-23 02:03:39 [main] INFO  BaseClass - ActionDriver instance is closed
2025-03-23 02:03:39 [main] INFO  BaseClass - WebDriver instance is closed
2025-03-23 02:03:40 [main] INFO  BaseClass - ChromeDriver initiated is created
2025-03-23 02:03:45 [main] INFO  BaseClass - WebDriver initialozed and browser maximized
2025-03-23 02:03:45 [main] INFO  ActionDriver - WebDriver instance is created
2025-03-23 02:03:45 [main] INFO  BaseClass - ActionDriver instance is created
2025-03-23 02:03:45 [main] TRACE BaseClass - This is a Trace Message
2025-03-23 02:03:45 [main] DEBUG BaseClass - This is a Debug Message
2025-03-23 02:03:45 [main] WARN  BaseClass - This is a Warn Message
2025-03-23 02:03:46 [main] INFO  ActionDriver - Entered text :Admin
2025-03-23 02:03:46 [main] INFO  ActionDriver - Entered text :admin1234
2025-03-23 02:03:46 [main] INFO  ActionDriver - Clicked an element
2025-03-23 02:04:39 [main] INFO  BaseClass - config.properties file loaded
2025-03-23 02:04:41 [main] INFO  BaseClass - ChromeDriver initiated is created
2025-03-23 02:04:47 [main] INFO  BaseClass - WebDriver initialozed and browser maximized
2025-03-23 02:04:47 [main] INFO  ActionDriver - WebDriver instance is created
2025-03-23 02:04:47 [main] INFO  BaseClass - ActionDriver instance is created
2025-03-23 02:04:47 [main] TRACE BaseClass - This is a Trace Message
2025-03-23 02:04:47 [main] DEBUG BaseClass - This is a Debug Message
2025-03-23 02:04:47 [main] WARN  BaseClass - This is a Warn Message
2025-03-23 02:04:47 [main] INFO  ActionDriver - Entered text :Holi
2025-03-23 02:04:47 [main] INFO  ActionDriver - Entered text :Holika
2025-03-23 02:04:47 [main] INFO  ActionDriver - Clicked an element
2025-03-23 02:04:49 [main] INFO  ActionDriver - Texts are matching : Invalid credentials equals Invalid credentials
2025-03-23 02:04:54 [main] INFO  BaseClass - ActionDriver instance is closed
2025-03-23 02:04:54 [main] INFO  BaseClass - WebDriver instance is closed
2025-03-23 02:04:56 [main] INFO  BaseClass - ChromeDriver initiated is created
2025-03-23 02:05:02 [main] INFO  BaseClass - WebDriver initialozed and browser maximized
2025-03-23 02:05:02 [main] INFO  ActionDriver - WebDriver instance is created
2025-03-23 02:05:02 [main] INFO  BaseClass - ActionDriver instance is created
2025-03-23 02:05:02 [main] TRACE BaseClass - This is a Trace Message
2025-03-23 02:05:02 [main] DEBUG BaseClass - This is a Debug Message
2025-03-23 02:05:02 [main] WARN  BaseClass - This is a Warn Message
2025-03-23 02:05:02 [main] INFO  ActionDriver - Entered text :Admin
2025-03-23 02:05:03 [main] INFO  ActionDriver - Entered text :admin1234
2025-03-23 02:05:04 [main] INFO  ActionDriver - Clicked an element
2025-03-23 02:05:31 [main] INFO  BaseClass - config.properties file loaded
2025-03-23 02:05:33 [main] INFO  BaseClass - ChromeDriver initiated is created
2025-03-23 02:05:40 [main] INFO  BaseClass - WebDriver initialozed and browser maximized
2025-03-23 02:05:40 [main] INFO  ActionDriver - WebDriver instance is created
2025-03-23 02:05:40 [main] INFO  BaseClass - ActionDriver instance is created
2025-03-23 02:05:40 [main] TRACE BaseClass - This is a Trace Message
2025-03-23 02:05:40 [main] DEBUG BaseClass - This is a Debug Message
2025-03-23 02:05:40 [main] WARN  BaseClass - This is a Warn Message
2025-03-23 02:05:40 [main] INFO  ActionDriver - Entered text :Holi
2025-03-23 02:05:40 [main] INFO  ActionDriver - Entered text :Holika
2025-03-23 02:05:40 [main] INFO  ActionDriver - Clicked an element
2025-03-23 02:05:42 [main] INFO  ActionDriver - Texts are matching : Invalid credentials equals Invalid credentials
2025-03-23 02:05:47 [main] INFO  BaseClass - ActionDriver instance is closed
2025-03-23 02:05:47 [main] INFO  BaseClass - WebDriver instance is closed
2025-03-23 02:05:48 [main] INFO  BaseClass - ChromeDriver initiated is created
2025-03-23 02:05:54 [main] INFO  BaseClass - WebDriver initialozed and browser maximized
2025-03-23 02:05:54 [main] INFO  ActionDriver - WebDriver instance is created
2025-03-23 02:05:54 [main] INFO  BaseClass - ActionDriver instance is created
2025-03-23 02:05:54 [main] TRACE BaseClass - This is a Trace Message
2025-03-23 02:05:54 [main] DEBUG BaseClass - This is a Debug Message
2025-03-23 02:05:54 [main] WARN  BaseClass - This is a Warn Message
2025-03-23 02:05:54 [main] INFO  ActionDriver - Entered text :Admin
2025-03-23 02:05:54 [main] INFO  ActionDriver - Entered text :admin123
2025-03-23 02:05:54 [main] INFO  ActionDriver - Clicked an element
2025-03-23 02:05:56 [main] INFO  ActionDriver - Clicked an element
2025-03-23 02:05:58 [main] INFO  ActionDriver - Clicked an element
2025-03-23 02:06:03 [main] INFO  BaseClass - ActionDriver instance is closed
2025-03-23 02:06:03 [main] INFO  BaseClass - WebDriver instance is closed
2025-03-23 02:06:05 [main] INFO  BaseClass - ChromeDriver initiated is created
2025-03-23 02:06:10 [main] INFO  BaseClass - WebDriver initialozed and browser maximized
2025-03-23 02:06:10 [main] INFO  ActionDriver - WebDriver instance is created
2025-03-23 02:06:10 [main] INFO  BaseClass - ActionDriver instance is created
2025-03-23 02:06:10 [main] TRACE BaseClass - This is a Trace Message
2025-03-23 02:06:10 [main] DEBUG BaseClass - This is a Debug Message
2025-03-23 02:06:10 [main] WARN  BaseClass - This is a Warn Message
2025-03-23 02:06:10 [main] INFO  ActionDriver - Entered text :Admin
2025-03-23 02:06:10 [main] INFO  ActionDriver - Entered text :admin123
2025-03-23 02:06:12 [main] INFO  ActionDriver - Clicked an element
2025-03-23 02:06:13 [main] INFO  ActionDriver - Clicked an element
2025-03-23 02:06:14 [main] INFO  ActionDriver - Clicked an element
2025-03-23 02:06:20 [main] INFO  BaseClass - ActionDriver instance is closed
2025-03-23 02:06:20 [main] INFO  BaseClass - WebDriver instance is closed
2025-03-23 02:07:13 [main] INFO  BaseClass - config.properties file loaded
2025-03-23 02:07:15 [main] INFO  BaseClass - ChromeDriver initiated is created
2025-03-23 02:07:21 [main] INFO  BaseClass - WebDriver initialozed and browser maximized
2025-03-23 02:07:21 [main] INFO  ActionDriver - WebDriver instance is created
2025-03-23 02:07:21 [main] INFO  BaseClass - ActionDriver instance is created
2025-03-23 02:07:21 [main] TRACE BaseClass - This is a Trace Message
2025-03-23 02:07:21 [main] DEBUG BaseClass - This is a Debug Message
2025-03-23 02:07:21 [main] WARN  BaseClass - This is a Warn Message
2025-03-23 02:07:21 [main] INFO  ActionDriver - Entered text :Holi
2025-03-23 02:07:22 [main] INFO  ActionDriver - Entered text :Holika
2025-03-23 02:07:22 [main] INFO  ActionDriver - Clicked an element
2025-03-23 02:07:24 [main] INFO  ActionDriver - Texts are matching : Invalid credentials equals Invalid credentials
2025-03-23 02:07:29 [main] INFO  BaseClass - ActionDriver instance is closed
2025-03-23 02:07:29 [main] INFO  BaseClass - WebDriver instance is closed
2025-03-23 02:07:30 [main] INFO  BaseClass - ChromeDriver initiated is created
2025-03-23 02:07:36 [main] INFO  BaseClass - WebDriver initialozed and browser maximized
2025-03-23 02:07:36 [main] INFO  ActionDriver - WebDriver instance is created
2025-03-23 02:07:36 [main] INFO  BaseClass - ActionDriver instance is created
2025-03-23 02:07:36 [main] TRACE BaseClass - This is a Trace Message
2025-03-23 02:07:36 [main] DEBUG BaseClass - This is a Debug Message
2025-03-23 02:07:36 [main] WARN  BaseClass - This is a Warn Message
2025-03-23 02:07:36 [main] INFO  ActionDriver - Entered text :Admin
2025-03-23 02:07:36 [main] INFO  ActionDriver - Entered text :admin123
2025-03-23 02:07:36 [main] INFO  ActionDriver - Clicked an element
2025-03-23 02:07:38 [main] INFO  ActionDriver - Clicked an element
2025-03-23 02:07:39 [main] INFO  ActionDriver - Clicked an element
2025-03-23 02:07:45 [main] INFO  BaseClass - ActionDriver instance is closed
2025-03-23 02:07:45 [main] INFO  BaseClass - WebDriver instance is closed
2025-03-23 02:07:46 [main] INFO  BaseClass - ChromeDriver initiated is created
2025-03-23 02:07:51 [main] INFO  BaseClass - WebDriver initialozed and browser maximized
2025-03-23 02:07:51 [main] INFO  ActionDriver - WebDriver instance is created
2025-03-23 02:07:51 [main] INFO  BaseClass - ActionDriver instance is created
2025-03-23 02:07:51 [main] TRACE BaseClass - This is a Trace Message
2025-03-23 02:07:51 [main] DEBUG BaseClass - This is a Debug Message
2025-03-23 02:07:51 [main] WARN  BaseClass - This is a Warn Message
2025-03-23 02:07:51 [main] INFO  ActionDriver - Entered text :Admin
2025-03-23 02:07:52 [main] INFO  ActionDriver - Entered text :admin123
2025-03-23 02:07:53 [main] INFO  ActionDriver - Clicked an element
2025-03-23 02:07:54 [main] INFO  ActionDriver - Clicked an element
2025-03-23 02:07:55 [main] INFO  ActionDriver - Clicked an element
2025-03-23 02:08:01 [main] INFO  BaseClass - ActionDriver instance is closed
2025-03-23 02:08:01 [main] INFO  BaseClass - WebDriver instance is closed
2025-03-23 12:46:24 [main] INFO  BaseClass - config.properties file loaded
2025-03-23 12:46:26 [main] INFO  BaseClass - ChromeDriver initiated is created
2025-03-23 12:46:32 [main] INFO  BaseClass - WebDriver initialozed and browser maximized
2025-03-23 12:46:32 [main] INFO  ActionDriver - WebDriver instance is created
2025-03-23 12:46:32 [main] INFO  BaseClass - ActionDriver instance is created
2025-03-23 12:46:32 [main] TRACE BaseClass - This is a Trace Message
2025-03-23 12:46:32 [main] DEBUG BaseClass - This is a Debug Message
2025-03-23 12:46:32 [main] WARN  BaseClass - This is a Warn Message
2025-03-23 12:48:23 [main] INFO  BaseClass - config.properties file loaded
2025-03-23 12:48:26 [main] INFO  BaseClass - ChromeDriver initiated is created
2025-03-23 12:48:31 [main] INFO  BaseClass - WebDriver initialozed and browser maximized
2025-03-23 12:48:31 [main] INFO  ActionDriver - WebDriver instance is created
2025-03-23 12:48:31 [main] INFO  BaseClass - ActionDriver instance is created
2025-03-23 12:48:31 [main] TRACE BaseClass - This is a Trace Message
2025-03-23 12:48:31 [main] DEBUG BaseClass - This is a Debug Message
2025-03-23 12:48:31 [main] WARN  BaseClass - This is a Warn Message
2025-03-23 12:48:32 [main] INFO  ActionDriver - Clicked an element
2025-03-23 12:48:32 [main] INFO  ActionDriver - Entered text :Admin
2025-03-23 12:48:54 [main] INFO  ActionDriver - Clicked an element
2025-03-23 12:48:54 [main] INFO  ActionDriver - Assert Passed
2025-03-23 12:48:54 [main] INFO  BaseClass - ActionDriver instance is closed
2025-03-23 12:48:54 [main] INFO  BaseClass - WebDriver instance is closed
2025-03-23 12:49:46 [main] INFO  BaseClass - config.properties file loaded
2025-03-23 12:49:48 [main] INFO  BaseClass - ChromeDriver initiated is created
2025-03-23 12:49:53 [main] INFO  BaseClass - WebDriver initialozed and browser maximized
2025-03-23 12:49:53 [main] INFO  ActionDriver - WebDriver instance is created
2025-03-23 12:49:53 [main] INFO  BaseClass - ActionDriver instance is created
2025-03-23 12:49:53 [main] TRACE BaseClass - This is a Trace Message
2025-03-23 12:49:53 [main] DEBUG BaseClass - This is a Debug Message
2025-03-23 12:49:53 [main] WARN  BaseClass - This is a Warn Message
2025-03-23 12:49:54 [main] INFO  ActionDriver - Clicked an element
2025-03-23 12:49:54 [main] INFO  ActionDriver - Entered text :Admin
2025-03-23 12:49:55 [main] INFO  ActionDriver - Clicked an element
2025-03-23 12:49:55 [main] INFO  ActionDriver - Assert Passed
2025-03-23 12:49:55 [main] INFO  BaseClass - ActionDriver instance is closed
2025-03-23 12:49:55 [main] INFO  BaseClass - WebDriver instance is closed
2025-03-23 12:50:17 [main] INFO  BaseClass - config.properties file loaded
2025-03-23 12:50:19 [main] INFO  BaseClass - ChromeDriver initiated is created
2025-03-23 12:50:24 [main] INFO  BaseClass - WebDriver initialozed and browser maximized
2025-03-23 12:50:24 [main] INFO  ActionDriver - WebDriver instance is created
2025-03-23 12:50:24 [main] INFO  BaseClass - ActionDriver instance is created
2025-03-23 12:50:24 [main] TRACE BaseClass - This is a Trace Message
2025-03-23 12:50:24 [main] DEBUG BaseClass - This is a Debug Message
2025-03-23 12:50:24 [main] WARN  BaseClass - This is a Warn Message
2025-03-23 12:50:25 [main] INFO  ActionDriver - Clicked an element
2025-03-23 12:50:25 [main] INFO  ActionDriver - Entered text :Admin
2025-03-23 12:50:26 [main] INFO  ActionDriver - Clicked an element
2025-03-23 12:50:26 [main] INFO  ActionDriver - Assert Passed
2025-03-23 12:50:26 [main] INFO  BaseClass - ActionDriver instance is closed
2025-03-23 12:50:26 [main] INFO  BaseClass - WebDriver instance is closed
2025-03-23 12:50:31 [main] INFO  BaseClass - config.properties file loaded
2025-03-23 12:50:33 [main] INFO  BaseClass - ChromeDriver initiated is created
2025-03-23 12:50:38 [main] INFO  BaseClass - WebDriver initialozed and browser maximized
2025-03-23 12:50:38 [main] INFO  ActionDriver - WebDriver instance is created
2025-03-23 12:50:38 [main] INFO  BaseClass - ActionDriver instance is created
2025-03-23 12:50:38 [main] TRACE BaseClass - This is a Trace Message
2025-03-23 12:50:38 [main] DEBUG BaseClass - This is a Debug Message
2025-03-23 12:50:38 [main] WARN  BaseClass - This is a Warn Message
2025-03-23 12:50:39 [main] INFO  ActionDriver - Clicked an element
2025-03-23 12:50:39 [main] INFO  ActionDriver - Entered text :Admin
2025-03-23 12:50:39 [main] INFO  ActionDriver - Clicked an element
2025-03-23 12:50:41 [main] INFO  BaseClass - ActionDriver instance is closed
2025-03-23 12:50:41 [main] INFO  BaseClass - WebDriver instance is closed
2025-03-23 12:56:57 [main] INFO  BaseClass - config.properties file loaded
2025-03-23 12:56:59 [main] INFO  BaseClass - ChromeDriver initiated is created
2025-03-23 12:57:04 [main] INFO  BaseClass - WebDriver initialozed and browser maximized
2025-03-23 12:57:05 [main] INFO  ActionDriver - WebDriver instance is created
2025-03-23 12:57:05 [main] INFO  BaseClass - ActionDriver instance is created
2025-03-23 12:57:05 [main] TRACE BaseClass - This is a Trace Message
2025-03-23 12:57:05 [main] DEBUG BaseClass - This is a Debug Message
2025-03-23 12:57:05 [main] WARN  BaseClass - This is a Warn Message
2025-03-23 12:57:05 [main] INFO  ActionDriver - Clicked an element
2025-03-23 12:57:06 [main] INFO  ActionDriver - Entered text :Admin
2025-03-23 12:57:06 [main] INFO  ActionDriver - Clicked an element
2025-03-23 12:57:07 [main] INFO  BaseClass - ActionDriver instance is closed
2025-03-23 12:57:07 [main] INFO  BaseClass - WebDriver instance is closed
2025-03-23 12:57:46 [main] INFO  BaseClass - config.properties file loaded
2025-03-23 12:57:48 [main] INFO  BaseClass - ChromeDriver initiated is created
2025-03-23 12:57:53 [main] INFO  BaseClass - WebDriver initialozed and browser maximized
2025-03-23 12:57:53 [main] INFO  ActionDriver - WebDriver instance is created
2025-03-23 12:57:53 [main] INFO  BaseClass - ActionDriver instance is created
2025-03-23 12:57:53 [main] TRACE BaseClass - This is a Trace Message
2025-03-23 12:57:53 [main] DEBUG BaseClass - This is a Debug Message
2025-03-23 12:57:53 [main] WARN  BaseClass - This is a Warn Message
2025-03-23 12:57:53 [main] INFO  ActionDriver - Clicked an element
2025-03-23 12:57:54 [main] INFO  ActionDriver - Entered text :Admin
2025-03-23 12:57:54 [main] INFO  ActionDriver - Clicked an element
2025-03-23 12:57:54 [main] INFO  ActionDriver - Assert Passed
2025-03-23 12:57:55 [main] INFO  BaseClass - ActionDriver instance is closed
2025-03-23 12:57:55 [main] INFO  BaseClass - WebDriver instance is closed
2025-03-23 12:57:56 [main] INFO  BaseClass - ChromeDriver initiated is created
2025-03-23 12:58:01 [main] INFO  BaseClass - WebDriver initialozed and browser maximized
2025-03-23 12:58:01 [main] INFO  ActionDriver - WebDriver instance is created
2025-03-23 12:58:01 [main] INFO  BaseClass - ActionDriver instance is created
2025-03-23 12:58:01 [main] TRACE BaseClass - This is a Trace Message
2025-03-23 12:58:01 [main] DEBUG BaseClass - This is a Debug Message
2025-03-23 12:58:01 [main] WARN  BaseClass - This is a Warn Message
2025-03-23 12:58:02 [main] INFO  ActionDriver - Clicked an element
2025-03-23 12:58:02 [main] INFO  ActionDriver - Entered text :Admin
2025-03-23 12:58:02 [main] INFO  ActionDriver - Clicked an element
2025-03-23 12:58:04 [main] INFO  BaseClass - ActionDriver instance is closed
2025-03-23 12:58:04 [main] INFO  BaseClass - WebDriver instance is closed
2025-03-23 12:58:05 [main] INFO  BaseClass - ChromeDriver initiated is created
2025-03-23 12:58:10 [main] INFO  BaseClass - WebDriver initialozed and browser maximized
2025-03-23 12:58:10 [main] INFO  ActionDriver - WebDriver instance is created
2025-03-23 12:58:10 [main] INFO  BaseClass - ActionDriver instance is created
2025-03-23 12:58:10 [main] TRACE BaseClass - This is a Trace Message
2025-03-23 12:58:10 [main] DEBUG BaseClass - This is a Debug Message
2025-03-23 12:58:10 [main] WARN  BaseClass - This is a Warn Message
2025-03-23 12:58:10 [main] INFO  ActionDriver - Entered text :Admin
2025-03-23 12:58:10 [main] INFO  ActionDriver - Entered text :admin123
2025-03-23 12:58:10 [main] INFO  ActionDriver - Clicked an element
2025-03-23 12:58:12 [main] INFO  ActionDriver - Clicked an element
2025-03-23 12:58:14 [main] INFO  ActionDriver - Clicked an element
2025-03-23 12:58:20 [main] INFO  BaseClass - ActionDriver instance is closed
2025-03-23 12:58:20 [main] INFO  BaseClass - WebDriver instance is closed
2025-03-23 12:58:21 [main] INFO  BaseClass - ChromeDriver initiated is created
2025-03-23 12:58:26 [main] INFO  BaseClass - WebDriver initialozed and browser maximized
2025-03-23 12:58:26 [main] INFO  ActionDriver - WebDriver instance is created
2025-03-23 12:58:26 [main] INFO  BaseClass - ActionDriver instance is created
2025-03-23 12:58:26 [main] TRACE BaseClass - This is a Trace Message
2025-03-23 12:58:26 [main] DEBUG BaseClass - This is a Debug Message
2025-03-23 12:58:26 [main] WARN  BaseClass - This is a Warn Message
2025-03-23 12:58:26 [main] INFO  ActionDriver - Entered text :Holi
2025-03-23 12:58:26 [main] INFO  ActionDriver - Entered text :Holika
2025-03-23 12:58:26 [main] INFO  ActionDriver - Clicked an element
2025-03-23 12:58:27 [main] INFO  ActionDriver - Texts are matching : Invalid credentials equals Invalid credentials
2025-03-23 12:58:34 [main] INFO  BaseClass - ActionDriver instance is closed
2025-03-23 12:58:34 [main] INFO  BaseClass - WebDriver instance is closed
2025-03-23 12:58:35 [main] INFO  BaseClass - ChromeDriver initiated is created
2025-03-23 12:58:40 [main] INFO  BaseClass - WebDriver initialozed and browser maximized
2025-03-23 12:58:40 [main] INFO  ActionDriver - WebDriver instance is created
2025-03-23 12:58:40 [main] INFO  BaseClass - ActionDriver instance is created
2025-03-23 12:58:40 [main] TRACE BaseClass - This is a Trace Message
2025-03-23 12:58:40 [main] DEBUG BaseClass - This is a Debug Message
2025-03-23 12:58:40 [main] WARN  BaseClass - This is a Warn Message
2025-03-23 12:58:41 [main] INFO  ActionDriver - Entered text :Admin
2025-03-23 12:58:41 [main] INFO  ActionDriver - Entered text :admin123
2025-03-23 12:58:41 [main] INFO  ActionDriver - Clicked an element
2025-03-23 12:58:43 [main] INFO  ActionDriver - Clicked an element
2025-03-23 12:58:46 [main] INFO  ActionDriver - Clicked an element
2025-03-23 12:58:51 [main] INFO  BaseClass - ActionDriver instance is closed
2025-03-23 12:58:51 [main] INFO  BaseClass - WebDriver instance is closed
2025-03-23 13:00:31 [main] INFO  BaseClass - config.properties file loaded
2025-03-23 13:00:33 [main] INFO  BaseClass - ChromeDriver initiated is created
2025-03-23 13:00:38 [main] INFO  BaseClass - WebDriver initialozed and browser maximized
2025-03-23 13:00:38 [main] INFO  ActionDriver - WebDriver instance is created
2025-03-23 13:00:38 [main] INFO  BaseClass - ActionDriver instance is created
2025-03-23 13:00:38 [main] TRACE BaseClass - This is a Trace Message
2025-03-23 13:00:38 [main] DEBUG BaseClass - This is a Debug Message
2025-03-23 13:00:38 [main] WARN  BaseClass - This is a Warn Message
2025-03-23 13:00:39 [main] INFO  ActionDriver - Clicked an element
2025-03-23 13:00:39 [main] INFO  ActionDriver - Entered text :Admin
2025-03-23 13:00:40 [main] INFO  ActionDriver - Clicked an element
2025-03-23 13:00:40 [main] INFO  ActionDriver - Assert Passed
2025-03-23 13:00:40 [main] INFO  BaseClass - ActionDriver instance is closed
2025-03-23 13:00:40 [main] INFO  BaseClass - WebDriver instance is closed
2025-03-23 13:00:41 [main] INFO  BaseClass - ChromeDriver initiated is created
2025-03-23 13:00:47 [main] INFO  BaseClass - WebDriver initialozed and browser maximized
2025-03-23 13:00:47 [main] INFO  ActionDriver - WebDriver instance is created
2025-03-23 13:00:47 [main] INFO  BaseClass - ActionDriver instance is created
2025-03-23 13:00:47 [main] TRACE BaseClass - This is a Trace Message
2025-03-23 13:00:47 [main] DEBUG BaseClass - This is a Debug Message
2025-03-23 13:00:47 [main] WARN  BaseClass - This is a Warn Message
2025-03-23 13:00:47 [main] INFO  ActionDriver - Clicked an element
2025-03-23 13:00:48 [main] INFO  ActionDriver - Entered text :Admin
2025-03-23 13:00:48 [main] INFO  ActionDriver - Clicked an element
2025-03-23 13:00:49 [main] INFO  BaseClass - ActionDriver instance is closed
2025-03-23 13:00:49 [main] INFO  BaseClass - WebDriver instance is closed
2025-03-23 13:00:50 [main] INFO  BaseClass - ChromeDriver initiated is created
2025-03-23 13:00:55 [main] INFO  BaseClass - WebDriver initialozed and browser maximized
2025-03-23 13:00:55 [main] INFO  ActionDriver - WebDriver instance is created
2025-03-23 13:00:55 [main] INFO  BaseClass - ActionDriver instance is created
2025-03-23 13:00:55 [main] TRACE BaseClass - This is a Trace Message
2025-03-23 13:00:55 [main] DEBUG BaseClass - This is a Debug Message
2025-03-23 13:00:55 [main] WARN  BaseClass - This is a Warn Message
2025-03-23 13:00:56 [main] INFO  ActionDriver - Entered text :Admin
2025-03-23 13:00:56 [main] INFO  ActionDriver - Entered text :admin123
2025-03-23 13:00:57 [main] INFO  ActionDriver - Clicked an element
2025-03-23 13:00:58 [main] INFO  ActionDriver - Clicked an element
2025-03-23 13:01:00 [main] INFO  ActionDriver - Clicked an element
2025-03-23 13:01:05 [main] INFO  BaseClass - ActionDriver instance is closed
2025-03-23 13:01:05 [main] INFO  BaseClass - WebDriver instance is closed
2025-03-23 13:01:06 [main] INFO  BaseClass - ChromeDriver initiated is created
2025-03-23 13:01:12 [main] INFO  BaseClass - WebDriver initialozed and browser maximized
2025-03-23 13:01:12 [main] INFO  ActionDriver - WebDriver instance is created
2025-03-23 13:01:12 [main] INFO  BaseClass - ActionDriver instance is created
2025-03-23 13:01:12 [main] TRACE BaseClass - This is a Trace Message
2025-03-23 13:01:12 [main] DEBUG BaseClass - This is a Debug Message
2025-03-23 13:01:12 [main] WARN  BaseClass - This is a Warn Message
2025-03-23 13:01:12 [main] INFO  ActionDriver - Entered text :Holi
2025-03-23 13:01:12 [main] INFO  ActionDriver - Entered text :Holika
2025-03-23 13:01:12 [main] INFO  ActionDriver - Clicked an element
2025-03-23 13:01:13 [main] INFO  ActionDriver - Texts are matching : Invalid credentials equals Invalid credentials
2025-03-23 13:01:19 [main] INFO  BaseClass - ActionDriver instance is closed
2025-03-23 13:01:19 [main] INFO  BaseClass - WebDriver instance is closed
2025-03-23 13:01:20 [main] INFO  BaseClass - ChromeDriver initiated is created
2025-03-23 13:01:25 [main] INFO  BaseClass - WebDriver initialozed and browser maximized
2025-03-23 13:01:25 [main] INFO  ActionDriver - WebDriver instance is created
2025-03-23 13:01:25 [main] INFO  BaseClass - ActionDriver instance is created
2025-03-23 13:01:25 [main] TRACE BaseClass - This is a Trace Message
2025-03-23 13:01:25 [main] DEBUG BaseClass - This is a Debug Message
2025-03-23 13:01:25 [main] WARN  BaseClass - This is a Warn Message
2025-03-23 13:01:25 [main] INFO  ActionDriver - Entered text :Admin
2025-03-23 13:01:25 [main] INFO  ActionDriver - Entered text :admin123
2025-03-23 13:01:27 [main] INFO  ActionDriver - Clicked an element
2025-03-23 13:01:27 [main] INFO  ActionDriver - Clicked an element
2025-03-23 13:01:29 [main] INFO  ActionDriver - Clicked an element
2025-03-23 13:01:34 [main] INFO  BaseClass - ActionDriver instance is closed
2025-03-23 13:01:34 [main] INFO  BaseClass - WebDriver instance is closed
2025-03-23 13:08:27 [main] INFO  BaseClass - config.properties file loaded
2025-03-23 13:08:29 [main] INFO  BaseClass - ChromeDriver initiated is created
2025-03-23 13:08:35 [main] INFO  BaseClass - WebDriver initialozed and browser maximized
2025-03-23 13:08:35 [main] INFO  ActionDriver - WebDriver instance is created
2025-03-23 13:08:35 [main] INFO  BaseClass - ActionDriver instance is created
2025-03-23 13:08:35 [main] TRACE BaseClass - This is a Trace Message
2025-03-23 13:08:35 [main] DEBUG BaseClass - This is a Debug Message
2025-03-23 13:08:35 [main] WARN  BaseClass - This is a Warn Message
2025-03-23 13:08:36 [main] INFO  ActionDriver - Clicked an element
2025-03-23 13:08:36 [main] INFO  ActionDriver - Entered text :Admin
2025-03-23 13:08:37 [main] INFO  ActionDriver - Clicked an element
2025-03-23 13:08:37 [main] INFO  ActionDriver - Assert Passed
2025-03-23 13:08:37 [main] INFO  BaseClass - ActionDriver instance is closed
2025-03-23 13:08:37 [main] INFO  BaseClass - WebDriver instance is closed
2025-03-23 13:08:38 [main] INFO  BaseClass - ChromeDriver initiated is created
2025-03-23 13:08:43 [main] INFO  BaseClass - WebDriver initialozed and browser maximized
2025-03-23 13:08:43 [main] INFO  ActionDriver - WebDriver instance is created
2025-03-23 13:08:43 [main] INFO  BaseClass - ActionDriver instance is created
2025-03-23 13:08:43 [main] TRACE BaseClass - This is a Trace Message
2025-03-23 13:08:43 [main] DEBUG BaseClass - This is a Debug Message
2025-03-23 13:08:43 [main] WARN  BaseClass - This is a Warn Message
2025-03-23 13:08:44 [main] INFO  ActionDriver - Clicked an element
2025-03-23 13:08:44 [main] INFO  ActionDriver - Entered text :Admin
2025-03-23 13:08:44 [main] INFO  ActionDriver - Clicked an element
2025-03-23 13:08:46 [main] INFO  BaseClass - ActionDriver instance is closed
2025-03-23 13:08:46 [main] INFO  BaseClass - WebDriver instance is closed
2025-03-23 13:08:47 [main] INFO  BaseClass - ChromeDriver initiated is created
2025-03-23 13:08:52 [main] INFO  BaseClass - WebDriver initialozed and browser maximized
2025-03-23 13:08:52 [main] INFO  ActionDriver - WebDriver instance is created
2025-03-23 13:08:52 [main] INFO  BaseClass - ActionDriver instance is created
2025-03-23 13:08:52 [main] TRACE BaseClass - This is a Trace Message
2025-03-23 13:08:52 [main] DEBUG BaseClass - This is a Debug Message
2025-03-23 13:08:52 [main] WARN  BaseClass - This is a Warn Message
2025-03-23 13:08:52 [main] INFO  ActionDriver - Entered text :Admin
2025-03-23 13:08:52 [main] INFO  ActionDriver - Entered text :admin123
2025-03-23 13:08:53 [main] INFO  ActionDriver - Clicked an element
2025-03-23 13:08:54 [main] INFO  ActionDriver - Clicked an element
2025-03-23 13:08:56 [main] INFO  ActionDriver - Clicked an element
2025-03-23 13:09:01 [main] INFO  BaseClass - ActionDriver instance is closed
2025-03-23 13:09:01 [main] INFO  BaseClass - WebDriver instance is closed
2025-03-23 13:09:02 [main] INFO  BaseClass - ChromeDriver initiated is created
2025-03-23 13:09:07 [main] INFO  BaseClass - WebDriver initialozed and browser maximized
2025-03-23 13:09:07 [main] INFO  ActionDriver - WebDriver instance is created
2025-03-23 13:09:07 [main] INFO  BaseClass - ActionDriver instance is created
2025-03-23 13:09:07 [main] TRACE BaseClass - This is a Trace Message
2025-03-23 13:09:07 [main] DEBUG BaseClass - This is a Debug Message
2025-03-23 13:09:07 [main] WARN  BaseClass - This is a Warn Message
2025-03-23 13:09:07 [main] INFO  ActionDriver - Entered text :Holi
2025-03-23 13:09:08 [main] INFO  ActionDriver - Entered text :Holika
2025-03-23 13:09:08 [main] INFO  ActionDriver - Clicked an element
2025-03-23 13:09:09 [main] INFO  ActionDriver - Texts are matching : Invalid credentials equals Invalid credentials
2025-03-23 13:09:14 [main] INFO  BaseClass - ActionDriver instance is closed
2025-03-23 13:09:14 [main] INFO  BaseClass - WebDriver instance is closed
2025-03-23 13:09:15 [main] INFO  BaseClass - ChromeDriver initiated is created
2025-03-23 13:09:20 [main] INFO  BaseClass - WebDriver initialozed and browser maximized
2025-03-23 13:09:20 [main] INFO  ActionDriver - WebDriver instance is created
2025-03-23 13:09:20 [main] INFO  BaseClass - ActionDriver instance is created
2025-03-23 13:09:20 [main] TRACE BaseClass - This is a Trace Message
2025-03-23 13:09:20 [main] DEBUG BaseClass - This is a Debug Message
2025-03-23 13:09:20 [main] WARN  BaseClass - This is a Warn Message
2025-03-23 13:09:20 [main] INFO  ActionDriver - Entered text :Admin
2025-03-23 13:09:20 [main] INFO  ActionDriver - Entered text :admin123
2025-03-23 13:09:22 [main] INFO  ActionDriver - Clicked an element
2025-03-23 13:09:22 [main] INFO  ActionDriver - Clicked an element
2025-03-23 13:09:24 [main] INFO  ActionDriver - Clicked an element
2025-03-23 13:09:29 [main] INFO  BaseClass - ActionDriver instance is closed
2025-03-23 13:09:29 [main] INFO  BaseClass - WebDriver instance is closed
2025-03-23 13:11:02 [main] INFO  BaseClass - config.properties file loaded
2025-03-23 13:11:04 [main] INFO  BaseClass - ChromeDriver initiated is created
2025-03-23 13:11:10 [main] INFO  BaseClass - WebDriver initialozed and browser maximized
2025-03-23 13:11:10 [main] INFO  ActionDriver - WebDriver instance is created
2025-03-23 13:11:10 [main] INFO  BaseClass - ActionDriver instance is created
2025-03-23 13:11:10 [main] TRACE BaseClass - This is a Trace Message
2025-03-23 13:11:10 [main] DEBUG BaseClass - This is a Debug Message
2025-03-23 13:11:10 [main] WARN  BaseClass - This is a Warn Message
2025-03-23 13:11:10 [main] INFO  ActionDriver - Clicked an element
2025-03-23 13:11:11 [main] INFO  ActionDriver - Entered text :Admin
2025-03-23 13:11:11 [main] INFO  ActionDriver - Clicked an element
2025-03-23 13:11:11 [main] INFO  ActionDriver - Assert Passed
2025-03-23 13:11:12 [main] INFO  BaseClass - ActionDriver instance is closed
2025-03-23 13:11:12 [main] INFO  BaseClass - WebDriver instance is closed
2025-03-23 13:11:13 [main] INFO  BaseClass - ChromeDriver initiated is created
2025-03-23 13:11:18 [main] INFO  BaseClass - WebDriver initialozed and browser maximized
2025-03-23 13:11:18 [main] INFO  ActionDriver - WebDriver instance is created
2025-03-23 13:11:18 [main] INFO  BaseClass - ActionDriver instance is created
2025-03-23 13:11:18 [main] TRACE BaseClass - This is a Trace Message
2025-03-23 13:11:18 [main] DEBUG BaseClass - This is a Debug Message
2025-03-23 13:11:18 [main] WARN  BaseClass - This is a Warn Message
2025-03-23 13:11:18 [main] INFO  ActionDriver - Clicked an element
2025-03-23 13:11:19 [main] INFO  ActionDriver - Entered text :Admin
2025-03-23 13:11:19 [main] INFO  ActionDriver - Clicked an element
2025-03-23 13:11:20 [main] INFO  BaseClass - ActionDriver instance is closed
2025-03-23 13:11:20 [main] INFO  BaseClass - WebDriver instance is closed
2025-03-23 13:11:21 [main] INFO  BaseClass - ChromeDriver initiated is created
2025-03-23 13:11:27 [main] INFO  BaseClass - WebDriver initialozed and browser maximized
2025-03-23 13:11:27 [main] INFO  ActionDriver - WebDriver instance is created
2025-03-23 13:11:27 [main] INFO  BaseClass - ActionDriver instance is created
2025-03-23 13:11:27 [main] TRACE BaseClass - This is a Trace Message
2025-03-23 13:11:27 [main] DEBUG BaseClass - This is a Debug Message
2025-03-23 13:11:27 [main] WARN  BaseClass - This is a Warn Message
2025-03-23 13:11:27 [main] INFO  ActionDriver - Entered text :Admin
2025-03-23 13:11:27 [main] INFO  ActionDriver - Entered text :admin123
2025-03-23 13:11:27 [main] INFO  ActionDriver - Clicked an element
2025-03-23 13:11:29 [main] INFO  ActionDriver - Clicked an element
2025-03-23 13:11:30 [main] INFO  ActionDriver - Clicked an element
2025-03-23 13:11:35 [main] INFO  BaseClass - ActionDriver instance is closed
2025-03-23 13:11:35 [main] INFO  BaseClass - WebDriver instance is closed
2025-03-23 13:11:37 [main] INFO  BaseClass - ChromeDriver initiated is created
2025-03-23 13:11:42 [main] INFO  BaseClass - WebDriver initialozed and browser maximized
2025-03-23 13:11:42 [main] INFO  ActionDriver - WebDriver instance is created
2025-03-23 13:11:42 [main] INFO  BaseClass - ActionDriver instance is created
2025-03-23 13:11:42 [main] TRACE BaseClass - This is a Trace Message
2025-03-23 13:11:42 [main] DEBUG BaseClass - This is a Debug Message
2025-03-23 13:11:42 [main] WARN  BaseClass - This is a Warn Message
2025-03-23 13:11:42 [main] INFO  ActionDriver - Entered text :Holi
2025-03-23 13:11:42 [main] INFO  ActionDriver - Entered text :Holika
2025-03-23 13:11:43 [main] INFO  ActionDriver - Clicked an element
2025-03-23 13:11:44 [main] INFO  ActionDriver - Texts are matching : Invalid credentials equals Invalid credentials
2025-03-23 13:11:49 [main] INFO  BaseClass - ActionDriver instance is closed
2025-03-23 13:11:49 [main] INFO  BaseClass - WebDriver instance is closed
2025-03-23 13:11:50 [main] INFO  BaseClass - ChromeDriver initiated is created
2025-03-23 13:11:55 [main] INFO  BaseClass - WebDriver initialozed and browser maximized
2025-03-23 13:11:55 [main] INFO  ActionDriver - WebDriver instance is created
2025-03-23 13:11:55 [main] INFO  BaseClass - ActionDriver instance is created
2025-03-23 13:11:55 [main] TRACE BaseClass - This is a Trace Message
2025-03-23 13:11:55 [main] DEBUG BaseClass - This is a Debug Message
2025-03-23 13:11:55 [main] WARN  BaseClass - This is a Warn Message
2025-03-23 13:11:55 [main] INFO  ActionDriver - Entered text :Admin
2025-03-23 13:11:55 [main] INFO  ActionDriver - Entered text :admin123
2025-03-23 13:11:55 [main] INFO  ActionDriver - Clicked an element
2025-03-23 13:11:57 [main] INFO  ActionDriver - Clicked an element
2025-03-23 13:11:58 [main] INFO  ActionDriver - Clicked an element
2025-03-23 13:12:04 [main] INFO  BaseClass - ActionDriver instance is closed
2025-03-23 13:12:04 [main] INFO  BaseClass - WebDriver instance is closed
2025-03-23 13:12:32 [main] INFO  BaseClass - config.properties file loaded
2025-03-23 13:12:33 [main] INFO  BaseClass - ChromeDriver initiated is created
2025-03-23 13:12:39 [main] INFO  BaseClass - WebDriver initialozed and browser maximized
2025-03-23 13:12:39 [main] INFO  ActionDriver - WebDriver instance is created
2025-03-23 13:12:39 [main] INFO  BaseClass - ActionDriver instance is created
2025-03-23 13:12:39 [main] TRACE BaseClass - This is a Trace Message
2025-03-23 13:12:39 [main] DEBUG BaseClass - This is a Debug Message
2025-03-23 13:12:39 [main] WARN  BaseClass - This is a Warn Message
2025-03-23 13:12:39 [main] INFO  ActionDriver - Clicked an element
2025-03-23 13:12:40 [main] INFO  ActionDriver - Entered text :Admin
2025-03-23 13:12:40 [main] INFO  ActionDriver - Clicked an element
2025-03-23 13:12:40 [main] INFO  ActionDriver - Assert Passed
2025-03-23 13:12:41 [main] INFO  BaseClass - ActionDriver instance is closed
2025-03-23 13:12:41 [main] INFO  BaseClass - WebDriver instance is closed
2025-03-23 13:12:42 [main] INFO  BaseClass - ChromeDriver initiated is created
2025-03-23 13:12:47 [main] INFO  BaseClass - WebDriver initialozed and browser maximized
2025-03-23 13:12:47 [main] INFO  ActionDriver - WebDriver instance is created
2025-03-23 13:12:47 [main] INFO  BaseClass - ActionDriver instance is created
2025-03-23 13:12:47 [main] TRACE BaseClass - This is a Trace Message
2025-03-23 13:12:47 [main] DEBUG BaseClass - This is a Debug Message
2025-03-23 13:12:47 [main] WARN  BaseClass - This is a Warn Message
2025-03-23 13:12:47 [main] INFO  ActionDriver - Clicked an element
2025-03-23 13:12:48 [main] INFO  ActionDriver - Entered text :Admin
2025-03-23 13:12:48 [main] INFO  ActionDriver - Clicked an element
2025-03-23 13:12:49 [main] INFO  BaseClass - ActionDriver instance is closed
2025-03-23 13:12:49 [main] INFO  BaseClass - WebDriver instance is closed
2025-03-23 13:12:50 [main] INFO  BaseClass - ChromeDriver initiated is created
2025-03-23 13:12:56 [main] INFO  BaseClass - WebDriver initialozed and browser maximized
2025-03-23 13:12:56 [main] INFO  ActionDriver - WebDriver instance is created
2025-03-23 13:12:56 [main] INFO  BaseClass - ActionDriver instance is created
2025-03-23 13:12:56 [main] TRACE BaseClass - This is a Trace Message
2025-03-23 13:12:56 [main] DEBUG BaseClass - This is a Debug Message
2025-03-23 13:12:56 [main] WARN  BaseClass - This is a Warn Message
2025-03-23 13:12:56 [main] INFO  ActionDriver - Entered text :Admin
2025-03-23 13:12:56 [main] INFO  ActionDriver - Entered text :admin123
2025-03-23 13:12:56 [main] INFO  ActionDriver - Clicked an element
2025-03-23 13:12:58 [main] INFO  ActionDriver - Clicked an element
2025-03-23 13:13:00 [main] INFO  ActionDriver - Clicked an element
2025-03-23 13:13:05 [main] INFO  BaseClass - ActionDriver instance is closed
2025-03-23 13:13:05 [main] INFO  BaseClass - WebDriver instance is closed
2025-03-23 13:13:06 [main] INFO  BaseClass - ChromeDriver initiated is created
2025-03-23 13:13:11 [main] INFO  BaseClass - WebDriver initialozed and browser maximized
2025-03-23 13:13:11 [main] INFO  ActionDriver - WebDriver instance is created
2025-03-23 13:13:11 [main] INFO  BaseClass - ActionDriver instance is created
2025-03-23 13:13:11 [main] TRACE BaseClass - This is a Trace Message
2025-03-23 13:13:11 [main] DEBUG BaseClass - This is a Debug Message
2025-03-23 13:13:11 [main] WARN  BaseClass - This is a Warn Message
2025-03-23 13:13:11 [main] INFO  ActionDriver - Entered text :Holi
2025-03-23 13:13:11 [main] INFO  ActionDriver - Entered text :Holika
2025-03-23 13:13:12 [main] INFO  ActionDriver - Clicked an element
2025-03-23 13:13:13 [main] INFO  ActionDriver - Texts are matching : Invalid credentials equals Invalid credentials
2025-03-23 13:13:19 [main] INFO  BaseClass - ActionDriver instance is closed
2025-03-23 13:13:19 [main] INFO  BaseClass - WebDriver instance is closed
2025-03-23 13:13:20 [main] INFO  BaseClass - ChromeDriver initiated is created
2025-03-23 13:13:26 [main] INFO  BaseClass - WebDriver initialozed and browser maximized
2025-03-23 13:13:26 [main] INFO  ActionDriver - WebDriver instance is created
2025-03-23 13:13:26 [main] INFO  BaseClass - ActionDriver instance is created
2025-03-23 13:13:26 [main] TRACE BaseClass - This is a Trace Message
2025-03-23 13:13:26 [main] DEBUG BaseClass - This is a Debug Message
2025-03-23 13:13:26 [main] WARN  BaseClass - This is a Warn Message
2025-03-23 13:13:26 [main] INFO  ActionDriver - Entered text :Admin
2025-03-23 13:13:26 [main] INFO  ActionDriver - Entered text :admin123
2025-03-23 13:13:27 [main] INFO  ActionDriver - Clicked an element
2025-03-23 13:13:28 [main] INFO  ActionDriver - Clicked an element
2025-03-23 13:13:31 [main] INFO  ActionDriver - Clicked an element
2025-03-23 13:13:36 [main] INFO  BaseClass - ActionDriver instance is closed
2025-03-23 13:13:36 [main] INFO  BaseClass - WebDriver instance is closed
2025-03-23 22:23:03 [main] INFO  BaseClass - config.properties file loaded
2025-03-23 22:23:09 [main] INFO  BaseClass - EdgeDriver initiated is created
2025-03-23 22:23:14 [main] INFO  BaseClass - WebDriver initialozed and browser maximized
2025-03-23 22:23:14 [main] INFO  ActionDriver - WebDriver instance is created
2025-03-23 22:23:14 [main] INFO  BaseClass - ActionDriver instance is created
2025-03-23 22:23:14 [main] TRACE BaseClass - This is a Trace Message
2025-03-23 22:23:14 [main] DEBUG BaseClass - This is a Debug Message
2025-03-23 22:23:14 [main] WARN  BaseClass - This is a Warn Message
2025-03-23 22:23:15 [main] INFO  ActionDriver - Clicked an element
2025-03-23 22:23:15 [main] INFO  ActionDriver - Entered text :Admin
2025-03-23 22:23:16 [main] INFO  ActionDriver - Clicked an element
2025-03-23 22:23:16 [main] INFO  ActionDriver - Assert Passed
2025-03-23 22:23:17 [main] INFO  BaseClass - ActionDriver instance is closed
2025-03-23 22:23:17 [main] INFO  BaseClass - WebDriver instance is closed
2025-03-23 22:23:19 [main] INFO  BaseClass - EdgeDriver initiated is created
2025-03-23 22:23:24 [main] INFO  BaseClass - WebDriver initialozed and browser maximized
2025-03-23 22:23:24 [main] INFO  ActionDriver - WebDriver instance is created
2025-03-23 22:23:24 [main] INFO  BaseClass - ActionDriver instance is created
2025-03-23 22:23:24 [main] TRACE BaseClass - This is a Trace Message
2025-03-23 22:23:24 [main] DEBUG BaseClass - This is a Debug Message
2025-03-23 22:23:24 [main] WARN  BaseClass - This is a Warn Message
2025-03-23 22:23:24 [main] INFO  ActionDriver - Clicked an element
2025-03-23 22:23:25 [main] INFO  ActionDriver - Entered text :Admin
2025-03-23 22:23:25 [main] INFO  ActionDriver - Clicked an element
2025-03-23 22:23:27 [main] INFO  BaseClass - ActionDriver instance is closed
2025-03-23 22:23:27 [main] INFO  BaseClass - WebDriver instance is closed
2025-03-23 22:23:29 [main] INFO  BaseClass - EdgeDriver initiated is created
2025-03-23 22:23:34 [main] INFO  BaseClass - WebDriver initialozed and browser maximized
2025-03-23 22:23:34 [main] INFO  ActionDriver - WebDriver instance is created
2025-03-23 22:23:34 [main] INFO  BaseClass - ActionDriver instance is created
2025-03-23 22:23:34 [main] TRACE BaseClass - This is a Trace Message
2025-03-23 22:23:34 [main] DEBUG BaseClass - This is a Debug Message
2025-03-23 22:23:34 [main] WARN  BaseClass - This is a Warn Message
2025-03-23 22:23:34 [main] INFO  ActionDriver - Entered text :Admin
2025-03-23 22:23:34 [main] INFO  ActionDriver - Entered text :admin123
2025-03-23 22:23:36 [main] INFO  ActionDriver - Clicked an element
2025-03-23 22:23:36 [main] INFO  ActionDriver - Clicked an element
2025-03-23 22:23:38 [main] INFO  ActionDriver - Clicked an element
2025-03-23 22:23:44 [main] INFO  BaseClass - ActionDriver instance is closed
2025-03-23 22:23:44 [main] INFO  BaseClass - WebDriver instance is closed
2025-03-23 22:23:46 [main] INFO  BaseClass - EdgeDriver initiated is created
2025-03-23 22:23:51 [main] INFO  BaseClass - WebDriver initialozed and browser maximized
2025-03-23 22:23:51 [main] INFO  ActionDriver - WebDriver instance is created
2025-03-23 22:23:51 [main] INFO  BaseClass - ActionDriver instance is created
2025-03-23 22:23:51 [main] TRACE BaseClass - This is a Trace Message
2025-03-23 22:23:51 [main] DEBUG BaseClass - This is a Debug Message
2025-03-23 22:23:51 [main] WARN  BaseClass - This is a Warn Message
2025-03-23 22:23:51 [main] INFO  ActionDriver - Entered text :Holi
2025-03-23 22:23:51 [main] INFO  ActionDriver - Entered text :Holika
2025-03-23 22:23:51 [main] INFO  ActionDriver - Clicked an element
2025-03-23 22:23:52 [main] INFO  ActionDriver - Texts are matching : Invalid credentials equals Invalid credentials
2025-03-23 22:23:59 [main] INFO  BaseClass - ActionDriver instance is closed
2025-03-23 22:23:59 [main] INFO  BaseClass - WebDriver instance is closed
2025-03-23 22:24:00 [main] INFO  BaseClass - EdgeDriver initiated is created
2025-03-23 22:24:06 [main] INFO  BaseClass - WebDriver initialozed and browser maximized
2025-03-23 22:24:06 [main] INFO  ActionDriver - WebDriver instance is created
2025-03-23 22:24:06 [main] INFO  BaseClass - ActionDriver instance is created
2025-03-23 22:24:06 [main] TRACE BaseClass - This is a Trace Message
2025-03-23 22:24:06 [main] DEBUG BaseClass - This is a Debug Message
2025-03-23 22:24:06 [main] WARN  BaseClass - This is a Warn Message
2025-03-23 22:24:06 [main] INFO  ActionDriver - Entered text :Admin
2025-03-23 22:24:06 [main] INFO  ActionDriver - Entered text :admin123
2025-03-23 22:24:06 [main] INFO  ActionDriver - Clicked an element
2025-03-23 22:24:08 [main] INFO  ActionDriver - Clicked an element
2025-03-23 22:24:09 [main] INFO  ActionDriver - Clicked an element
2025-03-23 22:24:15 [main] INFO  BaseClass - ActionDriver instance is closed
2025-03-23 22:24:15 [main] INFO  BaseClass - WebDriver instance is closed
2025-03-23 22:24:51 [main] INFO  BaseClass - config.properties file loaded
2025-03-23 22:25:18 [main] INFO  BaseClass - config.properties file loaded
2025-03-23 22:25:52 [main] INFO  BaseClass - config.properties file loaded
2025-03-23 22:25:56 [main] INFO  BaseClass - ChromeDriver initiated is created
2025-03-23 22:26:02 [main] INFO  BaseClass - WebDriver initialozed and browser maximized
2025-03-23 22:26:02 [main] INFO  ActionDriver - WebDriver instance is created
2025-03-23 22:26:02 [main] INFO  BaseClass - ActionDriver instance is created
2025-03-23 22:26:02 [main] TRACE BaseClass - This is a Trace Message
2025-03-23 22:26:02 [main] DEBUG BaseClass - This is a Debug Message
2025-03-23 22:26:02 [main] WARN  BaseClass - This is a Warn Message
2025-03-23 22:26:02 [main] INFO  ActionDriver - Clicked an element
2025-03-23 22:26:03 [main] INFO  ActionDriver - Entered text :Admin
2025-03-23 22:26:03 [main] INFO  ActionDriver - Clicked an element
2025-03-23 22:26:03 [main] INFO  ActionDriver - Assert Passed
2025-03-23 22:26:04 [main] INFO  BaseClass - ActionDriver instance is closed
2025-03-23 22:26:04 [main] INFO  BaseClass - WebDriver instance is closed
2025-03-23 22:26:05 [main] INFO  BaseClass - ChromeDriver initiated is created
2025-03-23 22:26:10 [main] INFO  BaseClass - WebDriver initialozed and browser maximized
2025-03-23 22:26:10 [main] INFO  ActionDriver - WebDriver instance is created
2025-03-23 22:26:10 [main] INFO  BaseClass - ActionDriver instance is created
2025-03-23 22:26:10 [main] TRACE BaseClass - This is a Trace Message
2025-03-23 22:26:10 [main] DEBUG BaseClass - This is a Debug Message
2025-03-23 22:26:10 [main] WARN  BaseClass - This is a Warn Message
2025-03-23 22:26:11 [main] INFO  ActionDriver - Clicked an element
2025-03-23 22:26:11 [main] INFO  ActionDriver - Entered text :Admin
2025-03-23 22:26:11 [main] INFO  ActionDriver - Clicked an element
2025-03-23 22:26:13 [main] INFO  BaseClass - ActionDriver instance is closed
2025-03-23 22:26:13 [main] INFO  BaseClass - WebDriver instance is closed
2025-03-23 22:26:14 [main] INFO  BaseClass - ChromeDriver initiated is created
2025-03-23 22:26:19 [main] INFO  BaseClass - WebDriver initialozed and browser maximized
2025-03-23 22:26:19 [main] INFO  ActionDriver - WebDriver instance is created
2025-03-23 22:26:19 [main] INFO  BaseClass - ActionDriver instance is created
2025-03-23 22:26:19 [main] TRACE BaseClass - This is a Trace Message
2025-03-23 22:26:19 [main] DEBUG BaseClass - This is a Debug Message
2025-03-23 22:26:19 [main] WARN  BaseClass - This is a Warn Message
2025-03-23 22:26:19 [main] INFO  ActionDriver - Entered text :Admin
2025-03-23 22:26:19 [main] INFO  ActionDriver - Entered text :admin123
2025-03-23 22:26:20 [main] INFO  ActionDriver - Clicked an element
2025-03-23 22:26:21 [main] INFO  ActionDriver - Clicked an element
2025-03-23 22:26:23 [main] INFO  ActionDriver - Clicked an element
2025-03-23 22:26:28 [main] INFO  BaseClass - ActionDriver instance is closed
2025-03-23 22:26:28 [main] INFO  BaseClass - WebDriver instance is closed
2025-03-23 22:26:30 [main] INFO  BaseClass - ChromeDriver initiated is created
2025-03-23 22:26:35 [main] INFO  BaseClass - WebDriver initialozed and browser maximized
2025-03-23 22:26:35 [main] INFO  ActionDriver - WebDriver instance is created
2025-03-23 22:26:35 [main] INFO  BaseClass - ActionDriver instance is created
2025-03-23 22:26:35 [main] TRACE BaseClass - This is a Trace Message
2025-03-23 22:26:35 [main] DEBUG BaseClass - This is a Debug Message
2025-03-23 22:26:35 [main] WARN  BaseClass - This is a Warn Message
2025-03-23 22:26:35 [main] INFO  ActionDriver - Entered text :Holi
2025-03-23 22:26:35 [main] INFO  ActionDriver - Entered text :Holika
2025-03-23 22:26:36 [main] INFO  ActionDriver - Clicked an element
2025-03-23 22:26:37 [main] INFO  ActionDriver - Texts are matching : Invalid credentials equals Invalid credentials
2025-03-23 22:26:42 [main] INFO  BaseClass - ActionDriver instance is closed
2025-03-23 22:26:42 [main] INFO  BaseClass - WebDriver instance is closed
2025-03-23 22:26:43 [main] INFO  BaseClass - ChromeDriver initiated is created
2025-03-23 22:26:48 [main] INFO  BaseClass - WebDriver initialozed and browser maximized
2025-03-23 22:26:48 [main] INFO  ActionDriver - WebDriver instance is created
2025-03-23 22:26:48 [main] INFO  BaseClass - ActionDriver instance is created
2025-03-23 22:26:48 [main] TRACE BaseClass - This is a Trace Message
2025-03-23 22:26:48 [main] DEBUG BaseClass - This is a Debug Message
2025-03-23 22:26:48 [main] WARN  BaseClass - This is a Warn Message
2025-03-23 22:26:49 [main] INFO  ActionDriver - Entered text :Admin
2025-03-23 22:26:49 [main] INFO  ActionDriver - Entered text :admin123
2025-03-23 22:26:50 [main] INFO  ActionDriver - Clicked an element
2025-03-23 22:26:50 [main] INFO  ActionDriver - Clicked an element
2025-03-23 22:26:52 [main] INFO  ActionDriver - Clicked an element
2025-03-23 22:26:57 [main] INFO  BaseClass - ActionDriver instance is closed
2025-03-23 22:26:57 [main] INFO  BaseClass - WebDriver instance is closed
2025-03-31 02:43:38 [main] INFO  BaseClass - config.properties file loaded
2025-03-31 02:43:42 [main] INFO  BaseClass - ChromeDriver initiated is created
2025-03-31 02:43:48 [main] INFO  BaseClass - WebDriver initialozed and browser maximized
2025-03-31 02:43:48 [main] INFO  ActionDriver - WebDriver instance is created
2025-03-31 02:43:48 [main] INFO  BaseClass - ActionDriver instance is created
2025-03-31 02:43:48 [main] TRACE BaseClass - This is a Trace Message
2025-03-31 02:43:48 [main] DEBUG BaseClass - This is a Debug Message
2025-03-31 02:43:48 [main] WARN  BaseClass - This is a Warn Message
2025-03-31 02:43:49 [main] INFO  ActionDriver - Clicked an element
2025-03-31 02:43:50 [main] INFO  ActionDriver - Entered text :Admin
2025-03-31 02:43:50 [main] INFO  ActionDriver - Clicked an element
2025-03-31 02:43:50 [main] INFO  ActionDriver - Assert Passed
2025-03-31 02:43:51 [main] INFO  BaseClass - ActionDriver instance is closed
2025-03-31 02:43:51 [main] INFO  BaseClass - WebDriver instance is closed
2025-03-31 02:43:53 [main] INFO  BaseClass - ChromeDriver initiated is created
2025-03-31 02:43:58 [main] INFO  BaseClass - WebDriver initialozed and browser maximized
2025-03-31 02:43:58 [main] INFO  ActionDriver - WebDriver instance is created
2025-03-31 02:43:58 [main] INFO  BaseClass - ActionDriver instance is created
2025-03-31 02:43:58 [main] TRACE BaseClass - This is a Trace Message
2025-03-31 02:43:58 [main] DEBUG BaseClass - This is a Debug Message
2025-03-31 02:43:58 [main] WARN  BaseClass - This is a Warn Message
2025-03-31 02:43:58 [main] INFO  ActionDriver - Clicked an element
2025-03-31 02:43:59 [main] INFO  ActionDriver - Entered text :Admin
2025-03-31 02:43:59 [main] INFO  ActionDriver - Clicked an element
2025-03-31 02:44:01 [main] INFO  BaseClass - ActionDriver instance is closed
2025-03-31 02:44:01 [main] INFO  BaseClass - WebDriver instance is closed
2025-03-31 02:44:03 [main] INFO  BaseClass - ChromeDriver initiated is created
2025-03-31 02:44:08 [main] INFO  BaseClass - WebDriver initialozed and browser maximized
2025-03-31 02:44:08 [main] INFO  ActionDriver - WebDriver instance is created
2025-03-31 02:44:08 [main] INFO  BaseClass - ActionDriver instance is created
2025-03-31 02:44:08 [main] TRACE BaseClass - This is a Trace Message
2025-03-31 02:44:08 [main] DEBUG BaseClass - This is a Debug Message
2025-03-31 02:44:08 [main] WARN  BaseClass - This is a Warn Message
2025-03-31 02:44:08 [main] INFO  ActionDriver - Entered text :Admin
2025-03-31 02:44:08 [main] INFO  ActionDriver - Entered text :admin123
2025-03-31 02:44:09 [main] INFO  ActionDriver - Clicked an element
2025-03-31 02:44:11 [main] INFO  ActionDriver - Clicked an element
2025-03-31 02:44:12 [main] INFO  ActionDriver - Clicked an element
2025-03-31 02:44:18 [main] INFO  BaseClass - ActionDriver instance is closed
2025-03-31 02:44:18 [main] INFO  BaseClass - WebDriver instance is closed
2025-03-31 02:44:20 [main] INFO  BaseClass - ChromeDriver initiated is created
2025-03-31 02:44:25 [main] INFO  BaseClass - WebDriver initialozed and browser maximized
2025-03-31 02:44:25 [main] INFO  ActionDriver - WebDriver instance is created
2025-03-31 02:44:25 [main] INFO  BaseClass - ActionDriver instance is created
2025-03-31 02:44:25 [main] TRACE BaseClass - This is a Trace Message
2025-03-31 02:44:25 [main] DEBUG BaseClass - This is a Debug Message
2025-03-31 02:44:25 [main] WARN  BaseClass - This is a Warn Message
2025-03-31 02:44:25 [main] INFO  ActionDriver - Entered text :Holi
2025-03-31 02:44:25 [main] INFO  ActionDriver - Entered text :Holika
2025-03-31 02:44:26 [main] INFO  ActionDriver - Clicked an element
2025-03-31 02:44:27 [main] INFO  ActionDriver - Texts are matching : Invalid credentials equals Invalid credentials
2025-03-31 02:44:32 [main] INFO  BaseClass - ActionDriver instance is closed
2025-03-31 02:44:32 [main] INFO  BaseClass - WebDriver instance is closed
2025-03-31 02:44:34 [main] INFO  BaseClass - ChromeDriver initiated is created
2025-03-31 02:44:39 [main] INFO  BaseClass - WebDriver initialozed and browser maximized
2025-03-31 02:44:39 [main] INFO  ActionDriver - WebDriver instance is created
2025-03-31 02:44:39 [main] INFO  BaseClass - ActionDriver instance is created
2025-03-31 02:44:39 [main] TRACE BaseClass - This is a Trace Message
2025-03-31 02:44:39 [main] DEBUG BaseClass - This is a Debug Message
2025-03-31 02:44:39 [main] WARN  BaseClass - This is a Warn Message
2025-03-31 02:44:39 [main] INFO  ActionDriver - Entered text :Admin
2025-03-31 02:44:40 [main] INFO  ActionDriver - Entered text :admin123
2025-03-31 02:44:40 [main] INFO  ActionDriver - Clicked an element
2025-03-31 02:44:42 [main] INFO  ActionDriver - Clicked an element
2025-03-31 02:44:43 [main] INFO  ActionDriver - Clicked an element
2025-03-31 02:44:49 [main] INFO  BaseClass - ActionDriver instance is closed
2025-03-31 02:44:49 [main] INFO  BaseClass - WebDriver instance is closed
2025-03-31 02:51:54 [main] INFO  BaseClass - config.properties file loaded
2025-03-31 02:51:57 [main] INFO  BaseClass - ChromeDriver initiated is created
2025-03-31 02:52:03 [main] INFO  BaseClass - WebDriver initialozed and browser maximized
2025-03-31 02:52:03 [main] INFO  ActionDriver - WebDriver instance is created
2025-03-31 02:52:03 [main] INFO  BaseClass - ActionDriver instance is created
2025-03-31 02:52:03 [main] TRACE BaseClass - This is a Trace Message
2025-03-31 02:52:03 [main] DEBUG BaseClass - This is a Debug Message
2025-03-31 02:52:03 [main] WARN  BaseClass - This is a Warn Message
2025-03-31 02:52:03 [main] INFO  ActionDriver - Entered text :Admin
2025-03-31 02:52:03 [main] INFO  ActionDriver - Entered text :admin123
2025-03-31 02:52:08 [main] INFO  BaseClass - ActionDriver instance is closed
2025-03-31 02:52:08 [main] INFO  BaseClass - WebDriver instance is closed
2025-03-31 02:58:39 [main] INFO  BaseClass - config.properties file loaded
2025-03-31 02:58:43 [main] INFO  BaseClass - ChromeDriver initiated is created
2025-03-31 02:58:49 [main] INFO  BaseClass - WebDriver initialozed and browser maximized
2025-03-31 02:58:49 [main] INFO  ActionDriver - WebDriver instance is created
2025-03-31 02:58:49 [main] INFO  BaseClass - ActionDriver instance is created
2025-03-31 02:58:49 [main] TRACE BaseClass - This is a Trace Message
2025-03-31 02:58:49 [main] DEBUG BaseClass - This is a Debug Message
2025-03-31 02:58:49 [main] WARN  BaseClass - This is a Warn Message
2025-03-31 02:58:50 [main] INFO  BaseClass - ActionDriver instance is closed
2025-03-31 02:58:50 [main] INFO  BaseClass - WebDriver instance is closed
2025-03-31 03:03:27 [main] INFO  BaseClass - config.properties file loaded
2025-03-31 03:03:31 [main] INFO  BaseClass - ChromeDriver initiated is created
2025-03-31 03:03:37 [main] INFO  BaseClass - WebDriver initialozed and browser maximized
2025-03-31 03:03:37 [main] INFO  ActionDriver - WebDriver instance is created
2025-03-31 03:03:37 [main] INFO  BaseClass - ActionDriver instance is created
2025-03-31 03:03:37 [main] TRACE BaseClass - This is a Trace Message
2025-03-31 03:03:37 [main] DEBUG BaseClass - This is a Debug Message
2025-03-31 03:03:37 [main] WARN  BaseClass - This is a Warn Message
2025-03-31 03:03:37 [main] INFO  ActionDriver - Entered text :Admin
2025-03-31 03:03:37 [main] INFO  ActionDriver - Entered text :admin123
2025-03-31 03:03:38 [main] INFO  ActionDriver - Clicked an element
2025-03-31 03:03:43 [main] INFO  BaseClass - ActionDriver instance is closed
2025-03-31 03:03:43 [main] INFO  BaseClass - WebDriver instance is closed
2025-03-31 03:13:10 [main] INFO  BaseClass - config.properties file loaded
2025-03-31 03:13:13 [main] INFO  BaseClass - ChromeDriver initiated is created
2025-03-31 03:13:19 [main] INFO  BaseClass - WebDriver initialozed and browser maximized
2025-03-31 03:13:19 [main] INFO  ActionDriver - WebDriver instance is created
2025-03-31 03:13:19 [main] INFO  BaseClass - ActionDriver instance is created
2025-03-31 03:13:19 [main] TRACE BaseClass - This is a Trace Message
2025-03-31 03:13:19 [main] DEBUG BaseClass - This is a Debug Message
2025-03-31 03:13:19 [main] WARN  BaseClass - This is a Warn Message
2025-03-31 03:13:20 [main] INFO  ActionDriver - Clicked an element
2025-03-31 03:13:20 [main] INFO  ActionDriver - Entered text :Admin
2025-03-31 03:13:21 [main] INFO  ActionDriver - Clicked an element
2025-03-31 03:13:21 [main] INFO  ActionDriver - Assert Passed
2025-03-31 03:13:21 [main] INFO  BaseClass - ActionDriver instance is closed
2025-03-31 03:13:21 [main] INFO  BaseClass - WebDriver instance is closed
2025-03-31 03:13:23 [main] INFO  BaseClass - ChromeDriver initiated is created
2025-03-31 03:13:29 [main] INFO  BaseClass - WebDriver initialozed and browser maximized
2025-03-31 03:13:29 [main] INFO  ActionDriver - WebDriver instance is created
2025-03-31 03:13:29 [main] INFO  BaseClass - ActionDriver instance is created
2025-03-31 03:13:29 [main] TRACE BaseClass - This is a Trace Message
2025-03-31 03:13:29 [main] DEBUG BaseClass - This is a Debug Message
2025-03-31 03:13:29 [main] WARN  BaseClass - This is a Warn Message
2025-03-31 03:13:30 [main] INFO  ActionDriver - Clicked an element
2025-03-31 03:13:30 [main] INFO  ActionDriver - Entered text :Admin
2025-03-31 03:13:30 [main] INFO  ActionDriver - Clicked an element
2025-03-31 03:13:32 [main] INFO  BaseClass - ActionDriver instance is closed
2025-03-31 03:13:32 [main] INFO  BaseClass - WebDriver instance is closed
2025-03-31 03:13:34 [main] INFO  BaseClass - ChromeDriver initiated is created
2025-03-31 03:13:39 [main] INFO  BaseClass - WebDriver initialozed and browser maximized
2025-03-31 03:13:39 [main] INFO  ActionDriver - WebDriver instance is created
2025-03-31 03:13:39 [main] INFO  BaseClass - ActionDriver instance is created
2025-03-31 03:13:39 [main] TRACE BaseClass - This is a Trace Message
2025-03-31 03:13:39 [main] DEBUG BaseClass - This is a Debug Message
2025-03-31 03:13:39 [main] WARN  BaseClass - This is a Warn Message
2025-03-31 03:13:39 [main] INFO  ActionDriver - Entered text :Admin
2025-03-31 03:13:39 [main] INFO  ActionDriver - Entered text :admin123
2025-03-31 03:13:41 [main] INFO  ActionDriver - Clicked an element
2025-03-31 03:13:42 [main] INFO  ActionDriver - Clicked an element
2025-03-31 03:13:44 [main] INFO  ActionDriver - Clicked an element
2025-03-31 03:13:51 [main] INFO  BaseClass - ActionDriver instance is closed
2025-03-31 03:13:51 [main] INFO  BaseClass - WebDriver instance is closed
2025-03-31 03:13:53 [main] INFO  BaseClass - ChromeDriver initiated is created
2025-03-31 03:13:58 [main] INFO  BaseClass - WebDriver initialozed and browser maximized
2025-03-31 03:13:58 [main] INFO  ActionDriver - WebDriver instance is created
2025-03-31 03:13:58 [main] INFO  BaseClass - ActionDriver instance is created
2025-03-31 03:13:58 [main] TRACE BaseClass - This is a Trace Message
2025-03-31 03:13:58 [main] DEBUG BaseClass - This is a Debug Message
2025-03-31 03:13:58 [main] WARN  BaseClass - This is a Warn Message
2025-03-31 03:13:59 [main] INFO  ActionDriver - Entered text :Holi
2025-03-31 03:13:59 [main] INFO  ActionDriver - Entered text :Holika
2025-03-31 03:14:00 [main] INFO  ActionDriver - Clicked an element
2025-03-31 03:14:00 [main] INFO  ActionDriver - Texts are matching : Invalid credentials equals Invalid credentials
2025-03-31 03:14:06 [main] INFO  BaseClass - ActionDriver instance is closed
2025-03-31 03:14:06 [main] INFO  BaseClass - WebDriver instance is closed
2025-03-31 03:14:08 [main] INFO  BaseClass - ChromeDriver initiated is created
2025-03-31 03:14:13 [main] INFO  BaseClass - WebDriver initialozed and browser maximized
2025-03-31 03:14:13 [main] INFO  ActionDriver - WebDriver instance is created
2025-03-31 03:14:13 [main] INFO  BaseClass - ActionDriver instance is created
2025-03-31 03:14:13 [main] TRACE BaseClass - This is a Trace Message
2025-03-31 03:14:13 [main] DEBUG BaseClass - This is a Debug Message
2025-03-31 03:14:13 [main] WARN  BaseClass - This is a Warn Message
2025-03-31 03:14:13 [main] INFO  ActionDriver - Entered text :Admin
2025-03-31 03:14:13 [main] INFO  ActionDriver - Entered text :admin123
2025-03-31 03:14:14 [main] INFO  ActionDriver - Clicked an element
2025-03-31 03:14:19 [main] INFO  BaseClass - ActionDriver instance is closed
2025-03-31 03:14:19 [main] INFO  BaseClass - WebDriver instance is closed
2025-03-31 03:17:45 [main] INFO  BaseClass - config.properties file loaded
2025-03-31 03:17:48 [main] INFO  BaseClass - ChromeDriver initiated is created
2025-03-31 03:17:54 [main] INFO  BaseClass - WebDriver initialozed and browser maximized
2025-03-31 03:17:54 [main] INFO  ActionDriver - WebDriver instance is created
2025-03-31 03:17:54 [main] INFO  BaseClass - ActionDriver instance is created
2025-03-31 03:17:54 [main] TRACE BaseClass - This is a Trace Message
2025-03-31 03:17:54 [main] DEBUG BaseClass - This is a Debug Message
2025-03-31 03:17:54 [main] WARN  BaseClass - This is a Warn Message
2025-03-31 03:17:54 [main] INFO  ActionDriver - Entered text :Admin
2025-03-31 03:17:54 [main] INFO  ActionDriver - Entered text :admin123
2025-03-31 03:18:00 [main] INFO  BaseClass - ActionDriver instance is closed
2025-03-31 03:18:00 [main] INFO  BaseClass - WebDriver instance is closed
2025-03-31 03:38:17 [main] INFO  BaseClass - config.properties file loaded
2025-03-31 03:38:23 [main] INFO  BaseClass - ChromeDriver initiated is created
2025-03-31 03:38:29 [main] INFO  BaseClass - WebDriver initialozed and browser maximized
2025-03-31 03:38:29 [main] INFO  ActionDriver - WebDriver instance is created
2025-03-31 03:38:29 [main] INFO  BaseClass - ActionDriver instance is created
2025-03-31 03:38:29 [main] TRACE BaseClass - This is a Trace Message
2025-03-31 03:38:29 [main] DEBUG BaseClass - This is a Debug Message
2025-03-31 03:38:29 [main] WARN  BaseClass - This is a Warn Message
2025-03-31 03:38:29 [main] INFO  ActionDriver - Entered text :Admin
2025-03-31 03:38:30 [main] INFO  ActionDriver - Entered text :admin123
2025-03-31 03:38:31 [main] INFO  ActionDriver - Clicked an element
2025-03-31 03:38:32 [main] INFO  ActionDriver - Clicked an element
2025-03-31 03:38:34 [main] INFO  ActionDriver - Clicked an element
2025-03-31 03:38:41 [main] INFO  BaseClass - ActionDriver instance is closed
2025-03-31 03:38:41 [main] INFO  BaseClass - WebDriver instance is closed
2025-04-06 00:25:43 [main] INFO  BaseClass - config.properties file loaded
2025-04-06 00:25:46 [main] INFO  BaseClass - ChromeDriver initiated is created
2025-04-06 00:25:52 [main] INFO  BaseClass - WebDriver initialozed and browser maximized
2025-04-06 00:25:52 [main] INFO  ActionDriver - WebDriver instance is created
2025-04-06 00:25:52 [main] INFO  BaseClass - ActionDriver instance is created
2025-04-06 00:25:52 [main] TRACE BaseClass - This is a Trace Message
2025-04-06 00:25:52 [main] DEBUG BaseClass - This is a Debug Message
2025-04-06 00:25:52 [main] WARN  BaseClass - This is a Warn Message
2025-04-06 00:25:53 [main] INFO  ActionDriver - Clicked an element
2025-04-06 00:25:53 [main] INFO  ActionDriver - Entered text :Admin
2025-04-06 00:25:54 [main] INFO  ActionDriver - Clicked an element
2025-04-06 00:25:54 [main] INFO  ActionDriver - Assert Passed
2025-04-06 00:25:54 [main] INFO  BaseClass - ActionDriver instance is closed
2025-04-06 00:25:54 [main] INFO  BaseClass - WebDriver instance is closed
2025-04-06 00:25:55 [main] INFO  BaseClass - ChromeDriver initiated is created
2025-04-06 00:26:00 [main] INFO  BaseClass - WebDriver initialozed and browser maximized
2025-04-06 00:26:00 [main] INFO  ActionDriver - WebDriver instance is created
2025-04-06 00:26:00 [main] INFO  BaseClass - ActionDriver instance is created
2025-04-06 00:26:00 [main] TRACE BaseClass - This is a Trace Message
2025-04-06 00:26:00 [main] DEBUG BaseClass - This is a Debug Message
2025-04-06 00:26:00 [main] WARN  BaseClass - This is a Warn Message
2025-04-06 00:26:01 [main] INFO  ActionDriver - Clicked an element
2025-04-06 00:26:01 [main] INFO  ActionDriver - Entered text :Admin
2025-04-06 00:26:01 [main] INFO  ActionDriver - Clicked an element
2025-04-06 00:26:03 [main] INFO  BaseClass - ActionDriver instance is closed
2025-04-06 00:26:03 [main] INFO  BaseClass - WebDriver instance is closed
2025-04-06 00:26:04 [main] INFO  BaseClass - ChromeDriver initiated is created
2025-04-06 00:26:09 [main] INFO  BaseClass - WebDriver initialozed and browser maximized
2025-04-06 00:26:09 [main] INFO  ActionDriver - WebDriver instance is created
2025-04-06 00:26:09 [main] INFO  BaseClass - ActionDriver instance is created
2025-04-06 00:26:09 [main] TRACE BaseClass - This is a Trace Message
2025-04-06 00:26:09 [main] DEBUG BaseClass - This is a Debug Message
2025-04-06 00:26:09 [main] WARN  BaseClass - This is a Warn Message
2025-04-06 00:26:09 [main] INFO  ActionDriver - Entered text :Admin
2025-04-06 00:26:09 [main] INFO  ActionDriver - Entered text :admin123
2025-04-06 00:26:11 [main] INFO  ActionDriver - Clicked an element
2025-04-06 00:26:11 [main] INFO  ActionDriver - Clicked an element
2025-04-06 00:26:13 [main] INFO  ActionDriver - Clicked an element
2025-04-06 00:26:19 [main] INFO  BaseClass - ActionDriver instance is closed
2025-04-06 00:26:19 [main] INFO  BaseClass - WebDriver instance is closed
2025-04-06 00:26:20 [main] INFO  BaseClass - ChromeDriver initiated is created
2025-04-06 00:26:25 [main] INFO  BaseClass - WebDriver initialozed and browser maximized
2025-04-06 00:26:25 [main] INFO  ActionDriver - WebDriver instance is created
2025-04-06 00:26:25 [main] INFO  BaseClass - ActionDriver instance is created
2025-04-06 00:26:25 [main] TRACE BaseClass - This is a Trace Message
2025-04-06 00:26:25 [main] DEBUG BaseClass - This is a Debug Message
2025-04-06 00:26:25 [main] WARN  BaseClass - This is a Warn Message
2025-04-06 00:26:25 [main] INFO  ActionDriver - Entered text :Holi
2025-04-06 00:26:25 [main] INFO  ActionDriver - Entered text :admin123
2025-04-06 00:26:26 [main] INFO  ActionDriver - Clicked an element
2025-04-06 00:26:26 [main] INFO  ActionDriver - Texts are matching : Invalid credentials equals Invalid credentials
2025-04-06 00:26:32 [main] INFO  BaseClass - ActionDriver instance is closed
2025-04-06 00:26:32 [main] INFO  BaseClass - WebDriver instance is closed
2025-04-06 00:26:33 [main] INFO  BaseClass - ChromeDriver initiated is created
2025-04-06 00:26:38 [main] INFO  BaseClass - WebDriver initialozed and browser maximized
2025-04-06 00:26:38 [main] INFO  ActionDriver - WebDriver instance is created
2025-04-06 00:26:38 [main] INFO  BaseClass - ActionDriver instance is created
2025-04-06 00:26:38 [main] TRACE BaseClass - This is a Trace Message
2025-04-06 00:26:38 [main] DEBUG BaseClass - This is a Debug Message
2025-04-06 00:26:38 [main] WARN  BaseClass - This is a Warn Message
2025-04-06 00:26:38 [main] INFO  ActionDriver - Entered text :Admin
2025-04-06 00:26:38 [main] INFO  ActionDriver - Entered text :admin123
2025-04-06 00:26:39 [main] INFO  ActionDriver - Clicked an element
2025-04-06 00:26:40 [main] INFO  ActionDriver - Clicked an element
2025-04-06 00:26:42 [main] INFO  ActionDriver - Clicked an element
2025-04-06 00:26:47 [main] INFO  BaseClass - ActionDriver instance is closed
2025-04-06 00:26:47 [main] INFO  BaseClass - WebDriver instance is closed
2025-04-06 00:30:55 [main] INFO  BaseClass - config.properties file loaded
2025-04-06 00:30:57 [main] INFO  BaseClass - ChromeDriver initiated is created
2025-04-06 00:31:04 [main] INFO  BaseClass - WebDriver initialozed and browser maximized
2025-04-06 00:31:04 [main] INFO  ActionDriver - WebDriver instance is created
2025-04-06 00:31:04 [main] INFO  BaseClass - ActionDriver instance is created
2025-04-06 00:31:04 [main] TRACE BaseClass - This is a Trace Message
2025-04-06 00:31:04 [main] DEBUG BaseClass - This is a Debug Message
2025-04-06 00:31:04 [main] WARN  BaseClass - This is a Warn Message
2025-04-06 00:31:04 [main] INFO  ActionDriver - Clicked an element
2025-04-06 00:31:04 [main] INFO  ActionDriver - Entered text :Admin
2025-04-06 00:31:05 [main] INFO  ActionDriver - Clicked an element
2025-04-06 00:31:05 [main] INFO  ActionDriver - Assert Passed
2025-04-06 00:31:06 [main] INFO  BaseClass - ActionDriver instance is closed
2025-04-06 00:31:06 [main] INFO  BaseClass - WebDriver instance is closed
2025-04-06 00:31:07 [main] INFO  BaseClass - ChromeDriver initiated is created
2025-04-06 00:31:12 [main] INFO  BaseClass - WebDriver initialozed and browser maximized
2025-04-06 00:31:12 [main] INFO  ActionDriver - WebDriver instance is created
2025-04-06 00:31:12 [main] INFO  BaseClass - ActionDriver instance is created
2025-04-06 00:31:12 [main] TRACE BaseClass - This is a Trace Message
2025-04-06 00:31:12 [main] DEBUG BaseClass - This is a Debug Message
2025-04-06 00:31:12 [main] WARN  BaseClass - This is a Warn Message
2025-04-06 00:31:12 [main] INFO  ActionDriver - Clicked an element
2025-04-06 00:31:12 [main] INFO  ActionDriver - Entered text :Admin
2025-04-06 00:31:13 [main] INFO  ActionDriver - Clicked an element
2025-04-06 00:31:14 [main] INFO  BaseClass - ActionDriver instance is closed
2025-04-06 00:31:14 [main] INFO  BaseClass - WebDriver instance is closed
2025-04-06 00:31:15 [main] INFO  BaseClass - ChromeDriver initiated is created
2025-04-06 00:31:20 [main] INFO  BaseClass - WebDriver initialozed and browser maximized
2025-04-06 00:31:20 [main] INFO  ActionDriver - WebDriver instance is created
2025-04-06 00:31:20 [main] INFO  BaseClass - ActionDriver instance is created
2025-04-06 00:31:20 [main] TRACE BaseClass - This is a Trace Message
2025-04-06 00:31:20 [main] DEBUG BaseClass - This is a Debug Message
2025-04-06 00:31:20 [main] WARN  BaseClass - This is a Warn Message
2025-04-06 00:31:21 [main] INFO  ActionDriver - Entered text :Holi
2025-04-06 00:31:21 [main] INFO  ActionDriver - Entered text :admin123
2025-04-06 00:31:22 [main] INFO  ActionDriver - Clicked an element
2025-04-06 00:31:22 [main] INFO  ActionDriver - Texts are matching : Invalid credentials equals Invalid credentials
2025-04-06 00:31:27 [main] INFO  BaseClass - ActionDriver instance is closed
2025-04-06 00:31:27 [main] INFO  BaseClass - WebDriver instance is closed
2025-04-06 00:31:29 [main] INFO  BaseClass - ChromeDriver initiated is created
2025-04-06 00:31:35 [main] INFO  BaseClass - WebDriver initialozed and browser maximized
2025-04-06 00:31:35 [main] INFO  ActionDriver - WebDriver instance is created
2025-04-06 00:31:35 [main] INFO  BaseClass - ActionDriver instance is created
2025-04-06 00:31:35 [main] TRACE BaseClass - This is a Trace Message
2025-04-06 00:31:35 [main] DEBUG BaseClass - This is a Debug Message
2025-04-06 00:31:35 [main] WARN  BaseClass - This is a Warn Message
2025-04-06 00:31:35 [main] INFO  ActionDriver - Entered text :Admin
2025-04-06 00:31:35 [main] INFO  ActionDriver - Entered text :admin123
2025-04-06 00:31:35 [main] INFO  ActionDriver - Clicked an element
2025-04-06 00:31:37 [main] INFO  ActionDriver - Clicked an element
2025-04-06 00:31:40 [main] INFO  ActionDriver - Clicked an element
2025-04-06 00:31:45 [main] INFO  BaseClass - ActionDriver instance is closed
2025-04-06 00:31:45 [main] INFO  BaseClass - WebDriver instance is closed
2025-04-06 00:33:34 [main] INFO  BaseClass - config.properties file loaded
2025-04-06 00:33:37 [main] INFO  BaseClass - ChromeDriver initiated is created
2025-04-06 00:33:43 [main] INFO  BaseClass - WebDriver initialozed and browser maximized
2025-04-06 00:33:43 [main] INFO  ActionDriver - WebDriver instance is created
2025-04-06 00:33:43 [main] INFO  BaseClass - ActionDriver instance is created
2025-04-06 00:33:43 [main] TRACE BaseClass - This is a Trace Message
2025-04-06 00:33:43 [main] DEBUG BaseClass - This is a Debug Message
2025-04-06 00:33:43 [main] WARN  BaseClass - This is a Warn Message
2025-04-06 00:33:43 [main] INFO  ActionDriver - Clicked an element
2025-04-06 00:33:43 [main] INFO  ActionDriver - Entered text :Admin
2025-04-06 00:33:44 [main] INFO  ActionDriver - Clicked an element
2025-04-06 00:33:44 [main] INFO  ActionDriver - Assert Passed
2025-04-06 00:33:44 [main] INFO  BaseClass - ActionDriver instance is closed
2025-04-06 00:33:44 [main] INFO  BaseClass - WebDriver instance is closed
2025-04-06 00:33:46 [main] INFO  BaseClass - ChromeDriver initiated is created
2025-04-06 00:33:51 [main] INFO  BaseClass - WebDriver initialozed and browser maximized
2025-04-06 00:33:51 [main] INFO  ActionDriver - WebDriver instance is created
2025-04-06 00:33:51 [main] INFO  BaseClass - ActionDriver instance is created
2025-04-06 00:33:51 [main] TRACE BaseClass - This is a Trace Message
2025-04-06 00:33:51 [main] DEBUG BaseClass - This is a Debug Message
2025-04-06 00:33:51 [main] WARN  BaseClass - This is a Warn Message
2025-04-06 00:33:51 [main] INFO  ActionDriver - Clicked an element
2025-04-06 00:33:51 [main] INFO  ActionDriver - Entered text :Admin
2025-04-06 00:33:52 [main] INFO  ActionDriver - Clicked an element
2025-04-06 00:33:53 [main] INFO  BaseClass - ActionDriver instance is closed
2025-04-06 00:33:53 [main] INFO  BaseClass - WebDriver instance is closed
2025-04-06 00:33:55 [main] INFO  BaseClass - ChromeDriver initiated is created
2025-04-06 00:34:00 [main] INFO  BaseClass - WebDriver initialozed and browser maximized
2025-04-06 00:34:00 [main] INFO  ActionDriver - WebDriver instance is created
2025-04-06 00:34:00 [main] INFO  BaseClass - ActionDriver instance is created
2025-04-06 00:34:00 [main] TRACE BaseClass - This is a Trace Message
2025-04-06 00:34:00 [main] DEBUG BaseClass - This is a Debug Message
2025-04-06 00:34:00 [main] WARN  BaseClass - This is a Warn Message
2025-04-06 00:34:00 [main] INFO  ActionDriver - Entered text :Holi
2025-04-06 00:34:00 [main] INFO  ActionDriver - Entered text :admin123
2025-04-06 00:34:01 [main] INFO  ActionDriver - Clicked an element
2025-04-06 00:34:02 [main] INFO  ActionDriver - Texts are matching : Invalid credentials equals Invalid credentials
2025-04-06 00:34:07 [main] INFO  BaseClass - ActionDriver instance is closed
2025-04-06 00:34:07 [main] INFO  BaseClass - WebDriver instance is closed
2025-04-06 00:34:08 [main] INFO  BaseClass - ChromeDriver initiated is created
2025-04-06 00:34:13 [main] INFO  BaseClass - WebDriver initialozed and browser maximized
2025-04-06 00:34:13 [main] INFO  ActionDriver - WebDriver instance is created
2025-04-06 00:34:13 [main] INFO  BaseClass - ActionDriver instance is created
2025-04-06 00:34:13 [main] TRACE BaseClass - This is a Trace Message
2025-04-06 00:34:13 [main] DEBUG BaseClass - This is a Debug Message
2025-04-06 00:34:13 [main] WARN  BaseClass - This is a Warn Message
2025-04-06 00:34:13 [main] INFO  ActionDriver - Entered text :Admin
2025-04-06 00:34:14 [main] INFO  ActionDriver - Entered text :admin123
2025-04-06 00:34:15 [main] INFO  ActionDriver - Clicked an element
2025-04-06 00:34:15 [main] INFO  ActionDriver - Clicked an element
2025-04-06 00:34:17 [main] INFO  ActionDriver - Clicked an element
2025-04-06 00:34:23 [main] INFO  BaseClass - ActionDriver instance is closed
2025-04-06 00:34:23 [main] INFO  BaseClass - WebDriver instance is closed
2025-04-06 01:09:17 [main] INFO  BaseClass - config.properties file loaded
2025-04-06 01:09:19 [main] INFO  BaseClass - ChromeDriver initiated is created
2025-04-06 01:09:25 [main] INFO  BaseClass - WebDriver initialozed and browser maximized
2025-04-06 01:09:25 [main] INFO  ActionDriver - WebDriver instance is created
2025-04-06 01:09:25 [main] INFO  BaseClass - ActionDriver instance is created
2025-04-06 01:09:25 [main] TRACE BaseClass - This is a Trace Message
2025-04-06 01:09:25 [main] DEBUG BaseClass - This is a Debug Message
2025-04-06 01:09:25 [main] WARN  BaseClass - This is a Warn Message
2025-04-06 01:09:25 [main] INFO  ActionDriver - Clicked an element
2025-04-06 01:09:25 [main] INFO  ActionDriver - Entered text :Admin
2025-04-06 01:09:26 [main] INFO  ActionDriver - Clicked an element
2025-04-06 01:09:26 [main] INFO  ActionDriver - Assert Passed
2025-04-06 01:09:27 [main] INFO  BaseClass - ActionDriver instance is closed
2025-04-06 01:09:27 [main] INFO  BaseClass - WebDriver instance is closed
2025-04-06 01:09:28 [main] INFO  BaseClass - ChromeDriver initiated is created
2025-04-06 01:09:33 [main] INFO  BaseClass - WebDriver initialozed and browser maximized
2025-04-06 01:09:33 [main] INFO  ActionDriver - WebDriver instance is created
2025-04-06 01:09:33 [main] INFO  BaseClass - ActionDriver instance is created
2025-04-06 01:09:33 [main] TRACE BaseClass - This is a Trace Message
2025-04-06 01:09:33 [main] DEBUG BaseClass - This is a Debug Message
2025-04-06 01:09:33 [main] WARN  BaseClass - This is a Warn Message
2025-04-06 01:09:33 [main] INFO  ActionDriver - Clicked an element
2025-04-06 01:09:33 [main] INFO  ActionDriver - Entered text :Admin
2025-04-06 01:09:34 [main] INFO  ActionDriver - Clicked an element
2025-04-06 01:09:35 [main] INFO  BaseClass - ActionDriver instance is closed
2025-04-06 01:09:35 [main] INFO  BaseClass - WebDriver instance is closed
2025-04-06 01:09:36 [main] INFO  BaseClass - ChromeDriver initiated is created
2025-04-06 01:09:41 [main] INFO  BaseClass - WebDriver initialozed and browser maximized
2025-04-06 01:09:41 [main] INFO  ActionDriver - WebDriver instance is created
2025-04-06 01:09:41 [main] INFO  BaseClass - ActionDriver instance is created
2025-04-06 01:09:41 [main] TRACE BaseClass - This is a Trace Message
2025-04-06 01:09:41 [main] DEBUG BaseClass - This is a Debug Message
2025-04-06 01:09:41 [main] WARN  BaseClass - This is a Warn Message
2025-04-06 01:09:41 [main] INFO  ActionDriver - Entered text :Holi
2025-04-06 01:09:42 [main] INFO  ActionDriver - Entered text :admin123
2025-04-06 01:09:42 [main] INFO  ActionDriver - Clicked an element
2025-04-06 01:09:43 [main] INFO  ActionDriver - Texts are matching : Invalid credentials equals Invalid credentials
2025-04-06 01:09:48 [main] INFO  BaseClass - ActionDriver instance is closed
2025-04-06 01:09:48 [main] INFO  BaseClass - WebDriver instance is closed
2025-04-06 01:10:03 [main] INFO  BaseClass - config.properties file loaded
2025-04-06 01:11:58 [main] INFO  BaseClass - config.properties file loaded
2025-04-06 01:13:36 [main] INFO  BaseClass - config.properties file loaded
2025-04-06 01:13:38 [main] INFO  BaseClass - ChromeDriver initiated is created
2025-04-06 01:14:13 [main] INFO  BaseClass - config.properties file loaded
2025-04-06 01:16:41 [main] INFO  BaseClass - config.properties file loaded
2025-04-06 01:16:43 [main] INFO  BaseClass - ChromeDriver initiated is created
2025-04-06 01:16:48 [main] INFO  BaseClass - WebDriver initialozed and browser maximized
2025-04-06 01:16:48 [main] INFO  ActionDriver - WebDriver instance is created
2025-04-06 01:16:48 [main] INFO  BaseClass - ActionDriver instance is created
2025-04-06 01:16:48 [main] TRACE BaseClass - This is a Trace Message
2025-04-06 01:16:48 [main] DEBUG BaseClass - This is a Debug Message
2025-04-06 01:16:48 [main] WARN  BaseClass - This is a Warn Message
2025-04-06 01:16:49 [main] INFO  ActionDriver - Entered text :Admin
2025-04-06 01:16:49 [main] INFO  ActionDriver - Entered text :admin123
2025-04-06 01:16:50 [main] INFO  ActionDriver - Clicked an element
2025-04-06 01:16:51 [main] INFO  ActionDriver - Clicked an element
2025-04-06 01:16:53 [main] INFO  ActionDriver - Clicked an element
2025-04-06 01:16:58 [main] INFO  BaseClass - ActionDriver instance is closed
2025-04-06 01:16:58 [main] INFO  BaseClass - WebDriver instance is closed
2025-04-06 01:17:05 [main] INFO  BaseClass - config.properties file loaded
2025-04-06 01:17:07 [main] INFO  BaseClass - ChromeDriver initiated is created
2025-04-06 01:17:12 [main] INFO  BaseClass - WebDriver initialozed and browser maximized
2025-04-06 01:17:12 [main] INFO  ActionDriver - WebDriver instance is created
2025-04-06 01:17:12 [main] INFO  BaseClass - ActionDriver instance is created
2025-04-06 01:17:12 [main] TRACE BaseClass - This is a Trace Message
2025-04-06 01:17:12 [main] DEBUG BaseClass - This is a Debug Message
2025-04-06 01:17:12 [main] WARN  BaseClass - This is a Warn Message
2025-04-06 01:17:12 [main] INFO  ActionDriver - Clicked an element
2025-04-06 01:17:12 [main] INFO  ActionDriver - Entered text :Admin
2025-04-06 01:17:13 [main] INFO  ActionDriver - Clicked an element
2025-04-06 01:17:13 [main] INFO  ActionDriver - Assert Passed
2025-04-06 01:17:14 [main] INFO  BaseClass - ActionDriver instance is closed
2025-04-06 01:17:14 [main] INFO  BaseClass - WebDriver instance is closed
2025-04-06 01:17:15 [main] INFO  BaseClass - ChromeDriver initiated is created
2025-04-06 01:17:20 [main] INFO  BaseClass - WebDriver initialozed and browser maximized
2025-04-06 01:17:20 [main] INFO  ActionDriver - WebDriver instance is created
2025-04-06 01:17:20 [main] INFO  BaseClass - ActionDriver instance is created
2025-04-06 01:17:20 [main] TRACE BaseClass - This is a Trace Message
2025-04-06 01:17:20 [main] DEBUG BaseClass - This is a Debug Message
2025-04-06 01:17:20 [main] WARN  BaseClass - This is a Warn Message
2025-04-06 01:17:21 [main] INFO  ActionDriver - Clicked an element
2025-04-06 01:17:21 [main] INFO  ActionDriver - Entered text :Admin
2025-04-06 01:17:21 [main] INFO  ActionDriver - Clicked an element
2025-04-06 01:17:23 [main] INFO  BaseClass - ActionDriver instance is closed
2025-04-06 01:17:23 [main] INFO  BaseClass - WebDriver instance is closed
2025-04-06 01:17:24 [main] INFO  BaseClass - ChromeDriver initiated is created
2025-04-06 01:17:29 [main] INFO  BaseClass - WebDriver initialozed and browser maximized
2025-04-06 01:17:29 [main] INFO  ActionDriver - WebDriver instance is created
2025-04-06 01:17:29 [main] INFO  BaseClass - ActionDriver instance is created
2025-04-06 01:17:29 [main] TRACE BaseClass - This is a Trace Message
2025-04-06 01:17:29 [main] DEBUG BaseClass - This is a Debug Message
2025-04-06 01:17:29 [main] WARN  BaseClass - This is a Warn Message
2025-04-06 01:17:29 [main] INFO  ActionDriver - Entered text :Admin
2025-04-06 01:17:29 [main] INFO  ActionDriver - Entered text :admin123
2025-04-06 01:17:29 [main] INFO  ActionDriver - Clicked an element
2025-04-06 01:17:31 [main] INFO  ActionDriver - Clicked an element
2025-04-06 01:17:33 [main] INFO  ActionDriver - Clicked an element
2025-04-06 01:17:38 [main] INFO  BaseClass - ActionDriver instance is closed
2025-04-06 01:17:38 [main] INFO  BaseClass - WebDriver instance is closed
2025-04-06 01:17:40 [main] INFO  BaseClass - ChromeDriver initiated is created
2025-04-06 01:17:45 [main] INFO  BaseClass - WebDriver initialozed and browser maximized
2025-04-06 01:17:45 [main] INFO  ActionDriver - WebDriver instance is created
2025-04-06 01:17:45 [main] INFO  BaseClass - ActionDriver instance is created
2025-04-06 01:17:45 [main] TRACE BaseClass - This is a Trace Message
2025-04-06 01:17:45 [main] DEBUG BaseClass - This is a Debug Message
2025-04-06 01:17:45 [main] WARN  BaseClass - This is a Warn Message
2025-04-06 01:17:45 [main] INFO  ActionDriver - Entered text :Holi
2025-04-06 01:17:45 [main] INFO  ActionDriver - Entered text :admin123
2025-04-06 01:17:45 [main] INFO  ActionDriver - Clicked an element
2025-04-06 01:17:46 [main] INFO  ActionDriver - Texts are matching : Invalid credentials equals Invalid credentials
2025-04-06 01:17:51 [main] INFO  BaseClass - ActionDriver instance is closed
2025-04-06 01:17:51 [main] INFO  BaseClass - WebDriver instance is closed
2025-04-06 01:17:53 [main] INFO  BaseClass - ChromeDriver initiated is created
2025-04-06 01:17:58 [main] INFO  BaseClass - WebDriver initialozed and browser maximized
2025-04-06 01:17:58 [main] INFO  ActionDriver - WebDriver instance is created
2025-04-06 01:17:58 [main] INFO  BaseClass - ActionDriver instance is created
2025-04-06 01:17:58 [main] TRACE BaseClass - This is a Trace Message
2025-04-06 01:17:58 [main] DEBUG BaseClass - This is a Debug Message
2025-04-06 01:17:58 [main] WARN  BaseClass - This is a Warn Message
2025-04-06 01:17:58 [main] INFO  ActionDriver - Entered text :Admin
2025-04-06 01:17:58 [main] INFO  ActionDriver - Entered text :admin123
2025-04-06 01:18:00 [main] INFO  ActionDriver - Clicked an element
2025-04-06 01:18:00 [main] INFO  ActionDriver - Clicked an element
2025-04-06 01:18:03 [main] INFO  ActionDriver - Clicked an element
2025-04-06 01:18:08 [main] INFO  BaseClass - ActionDriver instance is closed
2025-04-06 01:18:08 [main] INFO  BaseClass - WebDriver instance is closed
2025-04-06 01:18:09 [main] INFO  BaseClass - ChromeDriver initiated is created
2025-04-06 01:18:14 [main] INFO  BaseClass - WebDriver initialozed and browser maximized
2025-04-06 01:18:14 [main] INFO  ActionDriver - WebDriver instance is created
2025-04-06 01:18:14 [main] INFO  BaseClass - ActionDriver instance is created
2025-04-06 01:18:14 [main] TRACE BaseClass - This is a Trace Message
2025-04-06 01:18:14 [main] DEBUG BaseClass - This is a Debug Message
2025-04-06 01:18:14 [main] WARN  BaseClass - This is a Warn Message
2025-04-06 01:18:14 [main] INFO  ActionDriver - Entered text :Admin
2025-04-06 01:18:14 [main] INFO  ActionDriver - Entered text :admin123
2025-04-06 01:18:15 [main] INFO  ActionDriver - Clicked an element
2025-04-06 01:18:16 [main] INFO  ActionDriver - Clicked an element
2025-04-06 01:18:18 [main] INFO  ActionDriver - Clicked an element
2025-04-06 01:18:23 [main] INFO  BaseClass - ActionDriver instance is closed
2025-04-06 01:18:23 [main] INFO  BaseClass - WebDriver instance is closed
2025-04-06 01:21:54 [main] INFO  BaseClass - config.properties file loaded
2025-04-06 01:21:57 [TestNG-test=OrangeHRMTest-2] INFO  BaseClass - ChromeDriver initiated is created
2025-04-06 01:21:57 [TestNG-test=OrangeHRMTest-1] INFO  BaseClass - ChromeDriver initiated is created
2025-04-06 01:22:03 [TestNG-test=OrangeHRMTest-1] INFO  BaseClass - WebDriver initialozed and browser maximized 19
2025-04-06 01:22:03 [TestNG-test=OrangeHRMTest-1] INFO  ActionDriver - WebDriver instance is created
2025-04-06 01:22:03 [TestNG-test=OrangeHRMTest-1] INFO  BaseClass - ActionDriver instance is created
2025-04-06 01:22:03 [TestNG-test=OrangeHRMTest-1] TRACE BaseClass - This is a Trace Message
2025-04-06 01:22:03 [TestNG-test=OrangeHRMTest-1] DEBUG BaseClass - This is a Debug Message
2025-04-06 01:22:03 [TestNG-test=OrangeHRMTest-1] WARN  BaseClass - This is a Warn Message
2025-04-06 01:22:03 [TestNG-test=OrangeHRMTest-2] INFO  BaseClass - WebDriver initialozed and browser maximized 20
2025-04-06 01:22:03 [TestNG-test=OrangeHRMTest-1] INFO  ActionDriver - Clicked an element
2025-04-06 01:22:03 [TestNG-test=OrangeHRMTest-1] INFO  ActionDriver - Entered text :Admin
2025-04-06 01:22:03 [TestNG-test=OrangeHRMTest-2] INFO  ActionDriver - Entered text :Admin
2025-04-06 01:22:04 [TestNG-test=OrangeHRMTest-2] INFO  ActionDriver - Entered text :admin123
2025-04-06 01:22:14 [TestNG-test=OrangeHRMTest-1] INFO  ActionDriver - Clicked an element
2025-04-06 01:22:15 [TestNG-test=OrangeHRMTest-1] INFO  ActionDriver - Assert Passed
2025-04-06 01:22:15 [TestNG-test=OrangeHRMTest-2] INFO  ActionDriver - Clicked an element
2025-04-06 01:22:15 [TestNG-test=OrangeHRMTest-2] INFO  BaseClass - ActionDriver instance is closed
2025-04-06 01:22:15 [TestNG-test=OrangeHRMTest-2] INFO  BaseClass - WebDriver instance is closed
2025-04-06 01:22:15 [TestNG-test=OrangeHRMTest-1] INFO  BaseClass - ActionDriver instance is closed
2025-04-06 01:22:15 [TestNG-test=OrangeHRMTest-1] INFO  BaseClass - WebDriver instance is closed
2025-04-06 01:22:17 [TestNG-test=OrangeHRMTest-1] INFO  BaseClass - ChromeDriver initiated is created
2025-04-06 01:22:23 [TestNG-test=OrangeHRMTest-1] INFO  BaseClass - WebDriver initialozed and browser maximized 19
2025-04-06 01:22:23 [TestNG-test=OrangeHRMTest-1] INFO  ActionDriver - WebDriver instance is created
2025-04-06 01:22:23 [TestNG-test=OrangeHRMTest-1] INFO  BaseClass - ActionDriver instance is created
2025-04-06 01:22:23 [TestNG-test=OrangeHRMTest-1] TRACE BaseClass - This is a Trace Message
2025-04-06 01:22:23 [TestNG-test=OrangeHRMTest-1] DEBUG BaseClass - This is a Debug Message
2025-04-06 01:22:23 [TestNG-test=OrangeHRMTest-1] WARN  BaseClass - This is a Warn Message
2025-04-06 01:22:23 [TestNG-test=OrangeHRMTest-1] INFO  ActionDriver - Clicked an element
2025-04-06 01:22:23 [TestNG-test=OrangeHRMTest-1] INFO  ActionDriver - Entered text :Admin
2025-04-06 01:22:24 [TestNG-test=OrangeHRMTest-1] INFO  ActionDriver - Clicked an element
2025-04-06 01:22:25 [TestNG-test=OrangeHRMTest-1] INFO  BaseClass - ActionDriver instance is closed
2025-04-06 01:22:25 [TestNG-test=OrangeHRMTest-1] INFO  BaseClass - WebDriver instance is closed
2025-04-06 01:22:27 [TestNG-test=OrangeHRMTest-1] INFO  BaseClass - ChromeDriver initiated is created
2025-04-06 01:22:32 [TestNG-test=OrangeHRMTest-1] INFO  BaseClass - WebDriver initialozed and browser maximized 19
2025-04-06 01:22:32 [TestNG-test=OrangeHRMTest-1] INFO  ActionDriver - WebDriver instance is created
2025-04-06 01:22:32 [TestNG-test=OrangeHRMTest-1] INFO  BaseClass - ActionDriver instance is created
2025-04-06 01:22:32 [TestNG-test=OrangeHRMTest-1] TRACE BaseClass - This is a Trace Message
2025-04-06 01:22:32 [TestNG-test=OrangeHRMTest-1] DEBUG BaseClass - This is a Debug Message
2025-04-06 01:22:32 [TestNG-test=OrangeHRMTest-1] WARN  BaseClass - This is a Warn Message
2025-04-06 01:22:32 [TestNG-test=OrangeHRMTest-1] INFO  ActionDriver - Entered text :Holi
2025-04-06 01:22:32 [TestNG-test=OrangeHRMTest-1] INFO  ActionDriver - Entered text :admin123
2025-04-06 01:22:33 [TestNG-test=OrangeHRMTest-1] INFO  ActionDriver - Clicked an element
2025-04-06 01:22:34 [TestNG-test=OrangeHRMTest-1] INFO  ActionDriver - Texts are matching : Invalid credentials equals Invalid credentials
2025-04-06 01:22:39 [TestNG-test=OrangeHRMTest-1] INFO  BaseClass - ActionDriver instance is closed
2025-04-06 01:22:39 [TestNG-test=OrangeHRMTest-1] INFO  BaseClass - WebDriver instance is closed
2025-04-06 01:22:40 [TestNG-test=OrangeHRMTest-1] INFO  BaseClass - ChromeDriver initiated is created
2025-04-06 01:22:45 [TestNG-test=OrangeHRMTest-1] INFO  BaseClass - WebDriver initialozed and browser maximized 19
2025-04-06 01:22:45 [TestNG-test=OrangeHRMTest-1] INFO  ActionDriver - WebDriver instance is created
2025-04-06 01:22:45 [TestNG-test=OrangeHRMTest-1] INFO  BaseClass - ActionDriver instance is created
2025-04-06 01:22:45 [TestNG-test=OrangeHRMTest-1] TRACE BaseClass - This is a Trace Message
2025-04-06 01:22:45 [TestNG-test=OrangeHRMTest-1] DEBUG BaseClass - This is a Debug Message
2025-04-06 01:22:45 [TestNG-test=OrangeHRMTest-1] WARN  BaseClass - This is a Warn Message
2025-04-06 01:22:45 [TestNG-test=OrangeHRMTest-1] INFO  ActionDriver - Entered text :Admin
2025-04-06 01:22:45 [TestNG-test=OrangeHRMTest-1] INFO  ActionDriver - Entered text :admin123
2025-04-06 01:22:45 [TestNG-test=OrangeHRMTest-1] INFO  ActionDriver - Clicked an element
2025-04-06 01:22:47 [TestNG-test=OrangeHRMTest-1] INFO  ActionDriver - Clicked an element
2025-04-06 01:22:49 [TestNG-test=OrangeHRMTest-1] INFO  ActionDriver - Clicked an element
2025-04-06 01:22:55 [TestNG-test=OrangeHRMTest-1] INFO  BaseClass - ActionDriver instance is closed
2025-04-06 01:22:55 [TestNG-test=OrangeHRMTest-1] INFO  BaseClass - WebDriver instance is closed
2025-04-06 01:24:57 [main] INFO  BaseClass - config.properties file loaded
2025-04-06 01:25:00 [TestNG-test=OrangeHRMTest-1] INFO  BaseClass - ChromeDriver initiated is created
2025-04-06 01:25:00 [TestNG-test=OrangeHRMTest-2] INFO  BaseClass - ChromeDriver initiated is created
2025-04-06 01:25:06 [TestNG-test=OrangeHRMTest-2] INFO  BaseClass - WebDriver initialozed and browser maximized
2025-04-06 01:25:06 [TestNG-test=OrangeHRMTest-2] INFO  ActionDriver - WebDriver instance is created
2025-04-06 01:25:06 [TestNG-test=OrangeHRMTest-2] INFO  BaseClass - ActionDriver instance is created 20
2025-04-06 01:25:06 [TestNG-test=OrangeHRMTest-2] TRACE BaseClass - This is a Trace Message
2025-04-06 01:25:06 [TestNG-test=OrangeHRMTest-2] DEBUG BaseClass - This is a Debug Message
2025-04-06 01:25:06 [TestNG-test=OrangeHRMTest-2] WARN  BaseClass - This is a Warn Message
2025-04-06 01:25:06 [TestNG-test=OrangeHRMTest-1] INFO  BaseClass - WebDriver initialozed and browser maximized
2025-04-06 01:25:07 [TestNG-test=OrangeHRMTest-1] INFO  ActionDriver - Clicked an element
2025-04-06 01:25:07 [TestNG-test=OrangeHRMTest-1] INFO  ActionDriver - Entered text :Admin
2025-04-06 01:25:07 [TestNG-test=OrangeHRMTest-2] INFO  ActionDriver - Entered text :Admin
2025-04-06 01:25:07 [TestNG-test=OrangeHRMTest-2] INFO  ActionDriver - Entered text :admin123
2025-04-06 01:25:18 [TestNG-test=OrangeHRMTest-1] INFO  ActionDriver - Clicked an element
2025-04-06 01:25:18 [TestNG-test=OrangeHRMTest-1] INFO  ActionDriver - Assert Passed
2025-04-06 01:25:18 [TestNG-test=OrangeHRMTest-2] INFO  ActionDriver - Clicked an element
2025-04-06 01:25:19 [TestNG-test=OrangeHRMTest-2] INFO  BaseClass - ActionDriver instance is closed
2025-04-06 01:25:19 [TestNG-test=OrangeHRMTest-2] INFO  BaseClass - WebDriver instance is closed
2025-04-06 01:25:19 [TestNG-test=OrangeHRMTest-1] INFO  BaseClass - ActionDriver instance is closed
2025-04-06 01:25:19 [TestNG-test=OrangeHRMTest-1] INFO  BaseClass - WebDriver instance is closed
2025-04-06 01:25:20 [TestNG-test=OrangeHRMTest-1] INFO  BaseClass - ChromeDriver initiated is created
2025-04-06 01:25:25 [TestNG-test=OrangeHRMTest-1] INFO  BaseClass - WebDriver initialozed and browser maximized
2025-04-06 01:25:25 [TestNG-test=OrangeHRMTest-1] INFO  ActionDriver - WebDriver instance is created
2025-04-06 01:25:25 [TestNG-test=OrangeHRMTest-1] INFO  BaseClass - ActionDriver instance is created 19
2025-04-06 01:25:25 [TestNG-test=OrangeHRMTest-1] TRACE BaseClass - This is a Trace Message
2025-04-06 01:25:25 [TestNG-test=OrangeHRMTest-1] DEBUG BaseClass - This is a Debug Message
2025-04-06 01:25:25 [TestNG-test=OrangeHRMTest-1] WARN  BaseClass - This is a Warn Message
2025-04-06 01:25:26 [TestNG-test=OrangeHRMTest-1] INFO  ActionDriver - Clicked an element
2025-04-06 01:25:26 [TestNG-test=OrangeHRMTest-1] INFO  ActionDriver - Entered text :Admin
2025-04-06 01:25:26 [TestNG-test=OrangeHRMTest-1] INFO  ActionDriver - Clicked an element
2025-04-06 01:25:28 [TestNG-test=OrangeHRMTest-1] INFO  BaseClass - ActionDriver instance is closed
2025-04-06 01:25:28 [TestNG-test=OrangeHRMTest-1] INFO  BaseClass - WebDriver instance is closed
2025-04-06 01:25:29 [TestNG-test=OrangeHRMTest-1] INFO  BaseClass - ChromeDriver initiated is created
2025-04-06 01:25:34 [TestNG-test=OrangeHRMTest-1] INFO  BaseClass - WebDriver initialozed and browser maximized
2025-04-06 01:25:34 [TestNG-test=OrangeHRMTest-1] INFO  ActionDriver - WebDriver instance is created
2025-04-06 01:25:34 [TestNG-test=OrangeHRMTest-1] INFO  BaseClass - ActionDriver instance is created 19
2025-04-06 01:25:34 [TestNG-test=OrangeHRMTest-1] TRACE BaseClass - This is a Trace Message
2025-04-06 01:25:34 [TestNG-test=OrangeHRMTest-1] DEBUG BaseClass - This is a Debug Message
2025-04-06 01:25:34 [TestNG-test=OrangeHRMTest-1] WARN  BaseClass - This is a Warn Message
2025-04-06 01:25:34 [TestNG-test=OrangeHRMTest-1] INFO  ActionDriver - Entered text :Holi
2025-04-06 01:25:35 [TestNG-test=OrangeHRMTest-1] INFO  ActionDriver - Entered text :admin123
2025-04-06 01:25:36 [TestNG-test=OrangeHRMTest-1] INFO  ActionDriver - Clicked an element
2025-04-06 01:25:36 [TestNG-test=OrangeHRMTest-1] INFO  ActionDriver - Texts are matching : Invalid credentials equals Invalid credentials
2025-04-06 01:25:41 [TestNG-test=OrangeHRMTest-1] INFO  BaseClass - ActionDriver instance is closed
2025-04-06 01:25:41 [TestNG-test=OrangeHRMTest-1] INFO  BaseClass - WebDriver instance is closed
2025-04-06 01:25:42 [TestNG-test=OrangeHRMTest-1] INFO  BaseClass - ChromeDriver initiated is created
2025-04-06 01:25:48 [TestNG-test=OrangeHRMTest-1] INFO  BaseClass - WebDriver initialozed and browser maximized
2025-04-06 01:25:48 [TestNG-test=OrangeHRMTest-1] INFO  ActionDriver - WebDriver instance is created
2025-04-06 01:25:48 [TestNG-test=OrangeHRMTest-1] INFO  BaseClass - ActionDriver instance is created 19
2025-04-06 01:25:48 [TestNG-test=OrangeHRMTest-1] TRACE BaseClass - This is a Trace Message
2025-04-06 01:25:48 [TestNG-test=OrangeHRMTest-1] DEBUG BaseClass - This is a Debug Message
2025-04-06 01:25:48 [TestNG-test=OrangeHRMTest-1] WARN  BaseClass - This is a Warn Message
2025-04-06 01:25:48 [TestNG-test=OrangeHRMTest-1] INFO  ActionDriver - Entered text :Admin
2025-04-06 01:25:48 [TestNG-test=OrangeHRMTest-1] INFO  ActionDriver - Entered text :admin123
2025-04-06 01:25:49 [TestNG-test=OrangeHRMTest-1] INFO  ActionDriver - Clicked an element
2025-04-06 01:25:50 [TestNG-test=OrangeHRMTest-1] INFO  ActionDriver - Clicked an element
2025-04-06 01:25:52 [TestNG-test=OrangeHRMTest-1] INFO  ActionDriver - Clicked an element
2025-04-06 01:25:57 [TestNG-test=OrangeHRMTest-1] INFO  BaseClass - ActionDriver instance is closed
2025-04-06 01:25:57 [TestNG-test=OrangeHRMTest-1] INFO  BaseClass - WebDriver instance is closed
2025-04-06 01:46:32 [main] INFO  BaseClass - config.properties file loaded
2025-04-06 01:46:36 [TestNG-test=OrangeHRMTest-1] INFO  BaseClass - ChromeDriver initiated is created
2025-04-06 01:46:36 [TestNG-test=OrangeHRMTest-2] INFO  BaseClass - ChromeDriver initiated is created
2025-04-06 01:46:42 [TestNG-test=OrangeHRMTest-2] INFO  BaseClass - WebDriver initialozed and browser maximized
2025-04-06 01:46:42 [TestNG-test=OrangeHRMTest-2] TRACE BaseClass - This is a Trace Message
2025-04-06 01:46:42 [TestNG-test=OrangeHRMTest-2] DEBUG BaseClass - This is a Debug Message
2025-04-06 01:46:42 [TestNG-test=OrangeHRMTest-2] WARN  BaseClass - This is a Warn Message
2025-04-06 01:46:42 [TestNG-test=OrangeHRMTest-2] INFO  ActionDriver - WebDriver instance is created
2025-04-06 01:46:42 [TestNG-test=OrangeHRMTest-2] INFO  BaseClass - ActionDrive initialized for current thread :20
2025-04-06 01:46:42 [TestNG-test=OrangeHRMTest-2] INFO  ActionDriver - Entered text :Admin
2025-04-06 01:46:42 [TestNG-test=OrangeHRMTest-2] INFO  ActionDriver - Entered text :admin123
2025-04-06 01:46:42 [TestNG-test=OrangeHRMTest-1] INFO  BaseClass - WebDriver initialozed and browser maximized
2025-04-06 01:46:42 [TestNG-test=OrangeHRMTest-1] TRACE BaseClass - This is a Trace Message
2025-04-06 01:46:42 [TestNG-test=OrangeHRMTest-1] DEBUG BaseClass - This is a Debug Message
2025-04-06 01:46:42 [TestNG-test=OrangeHRMTest-1] WARN  BaseClass - This is a Warn Message
2025-04-06 01:46:42 [TestNG-test=OrangeHRMTest-1] INFO  ActionDriver - WebDriver instance is created
2025-04-06 01:46:42 [TestNG-test=OrangeHRMTest-1] INFO  BaseClass - ActionDrive initialized for current thread :19
2025-04-06 01:46:42 [TestNG-test=OrangeHRMTest-1] INFO  ActionDriver - Clicked an element
2025-04-06 01:46:42 [TestNG-test=OrangeHRMTest-1] INFO  ActionDriver - Entered text :Admin
2025-04-06 01:46:43 [TestNG-test=OrangeHRMTest-2] INFO  ActionDriver - Clicked an element
2025-04-06 01:46:43 [TestNG-test=OrangeHRMTest-1] INFO  ActionDriver - Clicked an element
2025-04-06 01:46:43 [TestNG-test=OrangeHRMTest-1] INFO  ActionDriver - Assert Passed
2025-04-06 01:46:44 [TestNG-test=OrangeHRMTest-1] INFO  BaseClass - ActionDriver instance is closed
2025-04-06 01:46:44 [TestNG-test=OrangeHRMTest-1] INFO  BaseClass - WebDriver instance is closed
2025-04-06 01:46:44 [TestNG-test=OrangeHRMTest-2] INFO  ActionDriver - Clicked an element
2025-04-06 01:46:46 [TestNG-test=OrangeHRMTest-1] INFO  BaseClass - ChromeDriver initiated is created
2025-04-06 01:46:46 [TestNG-test=OrangeHRMTest-2] INFO  ActionDriver - Clicked an element
2025-04-06 01:46:51 [TestNG-test=OrangeHRMTest-1] INFO  BaseClass - WebDriver initialozed and browser maximized
2025-04-06 01:46:51 [TestNG-test=OrangeHRMTest-1] TRACE BaseClass - This is a Trace Message
2025-04-06 01:46:51 [TestNG-test=OrangeHRMTest-1] DEBUG BaseClass - This is a Debug Message
2025-04-06 01:46:51 [TestNG-test=OrangeHRMTest-1] WARN  BaseClass - This is a Warn Message
2025-04-06 01:46:51 [TestNG-test=OrangeHRMTest-1] INFO  ActionDriver - WebDriver instance is created
2025-04-06 01:46:51 [TestNG-test=OrangeHRMTest-1] INFO  BaseClass - ActionDrive initialized for current thread :19
2025-04-06 01:46:51 [TestNG-test=OrangeHRMTest-2] INFO  BaseClass - ActionDriver instance is closed
2025-04-06 01:46:51 [TestNG-test=OrangeHRMTest-2] INFO  BaseClass - WebDriver instance is closed
2025-04-06 01:46:51 [TestNG-test=OrangeHRMTest-1] INFO  ActionDriver - Clicked an element
2025-04-06 01:46:51 [TestNG-test=OrangeHRMTest-1] INFO  ActionDriver - Entered text :Admin
2025-04-06 01:46:52 [TestNG-test=OrangeHRMTest-1] INFO  ActionDriver - Clicked an element
2025-04-06 01:46:53 [TestNG-test=OrangeHRMTest-1] INFO  BaseClass - ActionDriver instance is closed
2025-04-06 01:46:53 [TestNG-test=OrangeHRMTest-1] INFO  BaseClass - WebDriver instance is closed
2025-04-06 01:46:55 [TestNG-test=OrangeHRMTest-1] INFO  BaseClass - ChromeDriver initiated is created
2025-04-06 01:47:00 [TestNG-test=OrangeHRMTest-1] INFO  BaseClass - WebDriver initialozed and browser maximized
2025-04-06 01:47:00 [TestNG-test=OrangeHRMTest-1] TRACE BaseClass - This is a Trace Message
2025-04-06 01:47:00 [TestNG-test=OrangeHRMTest-1] DEBUG BaseClass - This is a Debug Message
2025-04-06 01:47:00 [TestNG-test=OrangeHRMTest-1] WARN  BaseClass - This is a Warn Message
2025-04-06 01:47:00 [TestNG-test=OrangeHRMTest-1] INFO  ActionDriver - WebDriver instance is created
2025-04-06 01:47:00 [TestNG-test=OrangeHRMTest-1] INFO  BaseClass - ActionDrive initialized for current thread :19
2025-04-06 01:47:00 [TestNG-test=OrangeHRMTest-1] INFO  ActionDriver - Entered text :Holi
2025-04-06 01:47:00 [TestNG-test=OrangeHRMTest-1] INFO  ActionDriver - Entered text :admin123
2025-04-06 01:47:01 [TestNG-test=OrangeHRMTest-1] INFO  ActionDriver - Clicked an element
2025-04-06 01:47:02 [TestNG-test=OrangeHRMTest-1] INFO  ActionDriver - Texts are matching : Invalid credentials equals Invalid credentials
2025-04-06 01:47:07 [TestNG-test=OrangeHRMTest-1] INFO  BaseClass - ActionDriver instance is closed
2025-04-06 01:47:07 [TestNG-test=OrangeHRMTest-1] INFO  BaseClass - WebDriver instance is closed
2025-04-06 01:47:08 [TestNG-test=OrangeHRMTest-1] INFO  BaseClass - ChromeDriver initiated is created
2025-04-06 01:47:13 [TestNG-test=OrangeHRMTest-1] INFO  BaseClass - WebDriver initialozed and browser maximized
2025-04-06 01:47:13 [TestNG-test=OrangeHRMTest-1] TRACE BaseClass - This is a Trace Message
2025-04-06 01:47:13 [TestNG-test=OrangeHRMTest-1] DEBUG BaseClass - This is a Debug Message
2025-04-06 01:47:13 [TestNG-test=OrangeHRMTest-1] WARN  BaseClass - This is a Warn Message
2025-04-06 01:47:13 [TestNG-test=OrangeHRMTest-1] INFO  ActionDriver - WebDriver instance is created
2025-04-06 01:47:13 [TestNG-test=OrangeHRMTest-1] INFO  BaseClass - ActionDrive initialized for current thread :19
2025-04-06 01:47:13 [TestNG-test=OrangeHRMTest-1] INFO  ActionDriver - Entered text :Admin
2025-04-06 01:47:13 [TestNG-test=OrangeHRMTest-1] INFO  ActionDriver - Entered text :admin123
2025-04-06 01:47:14 [TestNG-test=OrangeHRMTest-1] INFO  ActionDriver - Clicked an element
2025-04-06 01:47:15 [TestNG-test=OrangeHRMTest-1] INFO  ActionDriver - Clicked an element
2025-04-06 01:47:17 [TestNG-test=OrangeHRMTest-1] INFO  ActionDriver - Clicked an element
2025-04-06 01:47:22 [TestNG-test=OrangeHRMTest-1] INFO  BaseClass - ActionDriver instance is closed
2025-04-06 01:47:22 [TestNG-test=OrangeHRMTest-1] INFO  BaseClass - WebDriver instance is closed
2025-04-06 01:49:54 [main] INFO  BaseClass - config.properties file loaded
2025-04-06 01:49:56 [TestNG-tests-1] INFO  BaseClass - ChromeDriver initiated is created
2025-04-06 01:50:02 [TestNG-tests-1] INFO  BaseClass - WebDriver initialozed and browser maximized
2025-04-06 01:50:02 [TestNG-tests-1] TRACE BaseClass - This is a Trace Message
2025-04-06 01:50:02 [TestNG-tests-1] DEBUG BaseClass - This is a Debug Message
2025-04-06 01:50:02 [TestNG-tests-1] WARN  BaseClass - This is a Warn Message
2025-04-06 01:50:02 [TestNG-tests-1] INFO  ActionDriver - WebDriver instance is created
2025-04-06 01:50:02 [TestNG-tests-1] INFO  BaseClass - ActionDrive initialized for current thread :19
2025-04-06 01:50:03 [TestNG-tests-1] INFO  ActionDriver - Clicked an element
2025-04-06 01:50:03 [TestNG-tests-1] INFO  ActionDriver - Entered text :Admin
2025-04-06 01:50:03 [TestNG-tests-1] INFO  ActionDriver - Clicked an element
2025-04-06 01:50:03 [TestNG-tests-1] INFO  ActionDriver - Assert Passed
2025-04-06 01:50:04 [TestNG-tests-1] INFO  BaseClass - ActionDriver instance is closed
2025-04-06 01:50:04 [TestNG-tests-1] INFO  BaseClass - WebDriver instance is closed
2025-04-06 01:50:05 [TestNG-tests-1] INFO  BaseClass - ChromeDriver initiated is created
2025-04-06 01:50:11 [TestNG-tests-1] INFO  BaseClass - WebDriver initialozed and browser maximized
2025-04-06 01:50:11 [TestNG-tests-1] TRACE BaseClass - This is a Trace Message
2025-04-06 01:50:11 [TestNG-tests-1] DEBUG BaseClass - This is a Debug Message
2025-04-06 01:50:11 [TestNG-tests-1] WARN  BaseClass - This is a Warn Message
2025-04-06 01:50:11 [TestNG-tests-1] INFO  ActionDriver - WebDriver instance is created
2025-04-06 01:50:11 [TestNG-tests-1] INFO  BaseClass - ActionDrive initialized for current thread :19
2025-04-06 01:50:11 [TestNG-tests-1] INFO  ActionDriver - Clicked an element
2025-04-06 01:50:11 [TestNG-tests-1] INFO  ActionDriver - Entered text :Admin
2025-04-06 01:50:12 [TestNG-tests-1] INFO  ActionDriver - Clicked an element
2025-04-06 01:50:13 [TestNG-tests-1] INFO  BaseClass - ActionDriver instance is closed
2025-04-06 01:50:13 [TestNG-tests-1] INFO  BaseClass - WebDriver instance is closed
2025-04-06 01:50:14 [TestNG-tests-1] INFO  BaseClass - ChromeDriver initiated is created
2025-04-06 01:50:19 [TestNG-tests-1] INFO  BaseClass - WebDriver initialozed and browser maximized
2025-04-06 01:50:19 [TestNG-tests-1] TRACE BaseClass - This is a Trace Message
2025-04-06 01:50:19 [TestNG-tests-1] DEBUG BaseClass - This is a Debug Message
2025-04-06 01:50:19 [TestNG-tests-1] WARN  BaseClass - This is a Warn Message
2025-04-06 01:50:19 [TestNG-tests-1] INFO  ActionDriver - WebDriver instance is created
2025-04-06 01:50:19 [TestNG-tests-1] INFO  BaseClass - ActionDrive initialized for current thread :19
2025-04-06 01:50:19 [TestNG-tests-1] INFO  ActionDriver - Entered text :Admin
2025-04-06 01:50:19 [TestNG-tests-1] INFO  ActionDriver - Entered text :admin123
2025-04-06 01:50:20 [TestNG-tests-1] INFO  ActionDriver - Clicked an element
2025-04-06 01:50:21 [TestNG-tests-1] INFO  ActionDriver - Clicked an element
2025-04-06 01:50:23 [TestNG-tests-1] INFO  ActionDriver - Clicked an element
2025-04-06 01:50:28 [TestNG-tests-1] INFO  BaseClass - ActionDriver instance is closed
2025-04-06 01:50:28 [TestNG-tests-1] INFO  BaseClass - WebDriver instance is closed
2025-04-06 01:50:29 [TestNG-tests-1] INFO  BaseClass - ChromeDriver initiated is created
2025-04-06 01:50:35 [TestNG-tests-1] INFO  BaseClass - WebDriver initialozed and browser maximized
2025-04-06 01:50:35 [TestNG-tests-1] TRACE BaseClass - This is a Trace Message
2025-04-06 01:50:35 [TestNG-tests-1] DEBUG BaseClass - This is a Debug Message
2025-04-06 01:50:35 [TestNG-tests-1] WARN  BaseClass - This is a Warn Message
2025-04-06 01:50:35 [TestNG-tests-1] INFO  ActionDriver - WebDriver instance is created
2025-04-06 01:50:35 [TestNG-tests-1] INFO  BaseClass - ActionDrive initialized for current thread :19
2025-04-06 01:50:35 [TestNG-tests-1] INFO  ActionDriver - Entered text :Holi
2025-04-06 01:50:35 [TestNG-tests-1] INFO  ActionDriver - Entered text :admin123
2025-04-06 01:50:35 [TestNG-tests-1] INFO  ActionDriver - Clicked an element
2025-04-06 01:50:36 [TestNG-tests-1] INFO  ActionDriver - Texts are matching : Invalid credentials equals Invalid credentials
2025-04-06 01:50:43 [TestNG-tests-1] INFO  BaseClass - ActionDriver instance is closed
2025-04-06 01:50:43 [TestNG-tests-1] INFO  BaseClass - WebDriver instance is closed
2025-04-06 01:50:44 [TestNG-tests-1] INFO  BaseClass - ChromeDriver initiated is created
2025-04-06 01:50:49 [TestNG-tests-1] INFO  BaseClass - WebDriver initialozed and browser maximized
2025-04-06 01:50:49 [TestNG-tests-1] TRACE BaseClass - This is a Trace Message
2025-04-06 01:50:49 [TestNG-tests-1] DEBUG BaseClass - This is a Debug Message
2025-04-06 01:50:49 [TestNG-tests-1] WARN  BaseClass - This is a Warn Message
2025-04-06 01:50:49 [TestNG-tests-1] INFO  ActionDriver - WebDriver instance is created
2025-04-06 01:50:49 [TestNG-tests-1] INFO  BaseClass - ActionDrive initialized for current thread :19
2025-04-06 01:50:49 [TestNG-tests-1] INFO  ActionDriver - Entered text :Admin
2025-04-06 01:50:49 [TestNG-tests-1] INFO  ActionDriver - Entered text :admin123
2025-04-06 01:50:50 [TestNG-tests-1] INFO  ActionDriver - Clicked an element
2025-04-06 01:50:51 [TestNG-tests-1] INFO  ActionDriver - Clicked an element
2025-04-06 01:50:53 [TestNG-tests-1] INFO  ActionDriver - Clicked an element
2025-04-06 01:50:58 [TestNG-tests-1] INFO  BaseClass - ActionDriver instance is closed
2025-04-06 01:50:58 [TestNG-tests-1] INFO  BaseClass - WebDriver instance is closed
2025-04-06 01:53:57 [main] INFO  BaseClass - config.properties file loaded
2025-04-06 01:54:03 [TestNG-test=OrangeHRMTest-1] INFO  BaseClass - ChromeDriver initiated is created
2025-04-06 01:54:03 [TestNG-test=OrangeHRMTest-3] INFO  BaseClass - ChromeDriver initiated is created
2025-04-06 01:54:03 [TestNG-test=OrangeHRMTest-4] INFO  BaseClass - ChromeDriver initiated is created
2025-04-06 01:54:03 [TestNG-test=OrangeHRMTest-5] INFO  BaseClass - ChromeDriver initiated is created
2025-04-06 01:54:03 [TestNG-test=OrangeHRMTest-2] INFO  BaseClass - ChromeDriver initiated is created
2025-04-06 01:54:09 [TestNG-test=OrangeHRMTest-4] INFO  BaseClass - WebDriver initialozed and browser maximized
2025-04-06 01:54:09 [TestNG-test=OrangeHRMTest-4] TRACE BaseClass - This is a Trace Message
2025-04-06 01:54:09 [TestNG-test=OrangeHRMTest-4] DEBUG BaseClass - This is a Debug Message
2025-04-06 01:54:09 [TestNG-test=OrangeHRMTest-4] WARN  BaseClass - This is a Warn Message
2025-04-06 01:54:09 [TestNG-test=OrangeHRMTest-4] INFO  ActionDriver - WebDriver instance is created
2025-04-06 01:54:09 [TestNG-test=OrangeHRMTest-4] INFO  BaseClass - ActionDrive initialized for current thread :22
2025-04-06 01:54:10 [TestNG-test=OrangeHRMTest-4] INFO  ActionDriver - Entered text :Holi
2025-04-06 01:54:10 [TestNG-test=OrangeHRMTest-4] INFO  ActionDriver - Entered text :admin123
2025-04-06 01:54:10 [TestNG-test=OrangeHRMTest-5] INFO  BaseClass - WebDriver initialozed and browser maximized
2025-04-06 01:54:10 [TestNG-test=OrangeHRMTest-5] TRACE BaseClass - This is a Trace Message
2025-04-06 01:54:10 [TestNG-test=OrangeHRMTest-5] DEBUG BaseClass - This is a Debug Message
2025-04-06 01:54:10 [TestNG-test=OrangeHRMTest-5] WARN  BaseClass - This is a Warn Message
2025-04-06 01:54:10 [TestNG-test=OrangeHRMTest-5] INFO  ActionDriver - WebDriver instance is created
2025-04-06 01:54:10 [TestNG-test=OrangeHRMTest-5] INFO  BaseClass - ActionDrive initialized for current thread :23
2025-04-06 01:54:10 [TestNG-test=OrangeHRMTest-5] INFO  ActionDriver - Entered text :Admin
2025-04-06 01:54:10 [TestNG-test=OrangeHRMTest-5] INFO  ActionDriver - Entered text :admin123
2025-04-06 01:54:10 [TestNG-test=OrangeHRMTest-3] INFO  BaseClass - WebDriver initialozed and browser maximized
2025-04-06 01:54:10 [TestNG-test=OrangeHRMTest-3] TRACE BaseClass - This is a Trace Message
2025-04-06 01:54:10 [TestNG-test=OrangeHRMTest-3] DEBUG BaseClass - This is a Debug Message
2025-04-06 01:54:10 [TestNG-test=OrangeHRMTest-3] WARN  BaseClass - This is a Warn Message
2025-04-06 01:54:10 [TestNG-test=OrangeHRMTest-3] INFO  ActionDriver - WebDriver instance is created
2025-04-06 01:54:11 [TestNG-test=OrangeHRMTest-3] INFO  BaseClass - ActionDrive initialized for current thread :21
2025-04-06 01:54:11 [TestNG-test=OrangeHRMTest-3] INFO  ActionDriver - Entered text :Admin
2025-04-06 01:54:11 [TestNG-test=OrangeHRMTest-2] INFO  BaseClass - WebDriver initialozed and browser maximized
2025-04-06 01:54:11 [TestNG-test=OrangeHRMTest-2] TRACE BaseClass - This is a Trace Message
2025-04-06 01:54:11 [TestNG-test=OrangeHRMTest-2] DEBUG BaseClass - This is a Debug Message
2025-04-06 01:54:11 [TestNG-test=OrangeHRMTest-2] WARN  BaseClass - This is a Warn Message
2025-04-06 01:54:11 [TestNG-test=OrangeHRMTest-2] INFO  ActionDriver - WebDriver instance is created
2025-04-06 01:54:11 [TestNG-test=OrangeHRMTest-2] INFO  BaseClass - ActionDrive initialized for current thread :20
2025-04-06 01:54:11 [TestNG-test=OrangeHRMTest-1] INFO  BaseClass - WebDriver initialozed and browser maximized
2025-04-06 01:54:11 [TestNG-test=OrangeHRMTest-1] TRACE BaseClass - This is a Trace Message
2025-04-06 01:54:11 [TestNG-test=OrangeHRMTest-1] DEBUG BaseClass - This is a Debug Message
2025-04-06 01:54:11 [TestNG-test=OrangeHRMTest-1] WARN  BaseClass - This is a Warn Message
2025-04-06 01:54:11 [TestNG-test=OrangeHRMTest-1] INFO  ActionDriver - WebDriver instance is created
2025-04-06 01:54:11 [TestNG-test=OrangeHRMTest-1] INFO  BaseClass - ActionDrive initialized for current thread :19
2025-04-06 01:54:11 [TestNG-test=OrangeHRMTest-3] INFO  ActionDriver - Entered text :admin123
2025-04-06 01:54:11 [TestNG-test=OrangeHRMTest-4] INFO  ActionDriver - Clicked an element
2025-04-06 01:54:12 [TestNG-test=OrangeHRMTest-4] INFO  ActionDriver - Texts are matching : Invalid credentials equals Invalid credentials
2025-04-06 01:54:12 [TestNG-test=OrangeHRMTest-5] INFO  ActionDriver - Clicked an element
2025-04-06 01:54:13 [TestNG-test=OrangeHRMTest-1] INFO  ActionDriver - Clicked an element
2025-04-06 01:54:13 [TestNG-test=OrangeHRMTest-1] INFO  ActionDriver - Entered text :Admin
2025-04-06 01:54:13 [TestNG-test=OrangeHRMTest-2] INFO  ActionDriver - Clicked an element
2025-04-06 01:54:13 [TestNG-test=OrangeHRMTest-2] INFO  ActionDriver - Entered text :Admin
2025-04-06 01:54:14 [TestNG-test=OrangeHRMTest-3] INFO  ActionDriver - Clicked an element
2025-04-06 01:54:15 [TestNG-test=OrangeHRMTest-3] INFO  ActionDriver - Clicked an element
2025-04-06 01:54:15 [TestNG-test=OrangeHRMTest-2] INFO  ActionDriver - Clicked an element
2025-04-06 01:54:18 [TestNG-test=OrangeHRMTest-3] INFO  ActionDriver - Clicked an element
2025-04-06 01:54:18 [TestNG-test=OrangeHRMTest-4] INFO  BaseClass - ActionDriver instance is closed
2025-04-06 01:54:18 [TestNG-test=OrangeHRMTest-4] INFO  BaseClass - WebDriver instance is closed
2025-04-06 01:54:19 [TestNG-test=OrangeHRMTest-2] INFO  BaseClass - ActionDriver instance is closed
2025-04-06 01:54:19 [TestNG-test=OrangeHRMTest-2] INFO  BaseClass - WebDriver instance is closed
2025-04-06 01:54:23 [TestNG-test=OrangeHRMTest-3] INFO  BaseClass - ActionDriver instance is closed
2025-04-06 01:54:23 [TestNG-test=OrangeHRMTest-3] INFO  BaseClass - WebDriver instance is closed
2025-04-06 01:54:33 [TestNG-test=OrangeHRMTest-1] INFO  ActionDriver - Clicked an element
2025-04-06 01:54:33 [TestNG-test=OrangeHRMTest-1] INFO  ActionDriver - Assert Passed
2025-04-06 01:54:34 [TestNG-test=OrangeHRMTest-1] INFO  BaseClass - ActionDriver instance is closed
2025-04-06 01:54:34 [TestNG-test=OrangeHRMTest-1] INFO  BaseClass - WebDriver instance is closed
2025-04-06 01:54:38 [TestNG-test=OrangeHRMTest-5] INFO  BaseClass - ActionDriver instance is closed
2025-04-06 01:54:38 [TestNG-test=OrangeHRMTest-5] INFO  BaseClass - WebDriver instance is closed
2025-04-06 01:56:29 [main] INFO  BaseClass - config.properties file loaded
2025-04-06 01:56:33 [TestNG-test=OrangeHRMTest-2] INFO  BaseClass - ChromeDriver initiated is created
2025-04-06 01:56:33 [TestNG-test=OrangeHRMTest-1] INFO  BaseClass - ChromeDriver initiated is created
2025-04-06 01:56:39 [TestNG-test=OrangeHRMTest-1] INFO  BaseClass - WebDriver initialozed and browser maximized
2025-04-06 01:56:39 [TestNG-test=OrangeHRMTest-1] TRACE BaseClass - This is a Trace Message
2025-04-06 01:56:39 [TestNG-test=OrangeHRMTest-1] DEBUG BaseClass - This is a Debug Message
2025-04-06 01:56:39 [TestNG-test=OrangeHRMTest-1] WARN  BaseClass - This is a Warn Message
2025-04-06 01:56:39 [TestNG-test=OrangeHRMTest-1] INFO  ActionDriver - WebDriver instance is created
2025-04-06 01:56:39 [TestNG-test=OrangeHRMTest-1] INFO  BaseClass - ActionDrive initialized for current thread :19
2025-04-06 01:56:40 [TestNG-test=OrangeHRMTest-2] INFO  BaseClass - WebDriver initialozed and browser maximized
2025-04-06 01:56:40 [TestNG-test=OrangeHRMTest-2] TRACE BaseClass - This is a Trace Message
2025-04-06 01:56:40 [TestNG-test=OrangeHRMTest-2] DEBUG BaseClass - This is a Debug Message
2025-04-06 01:56:40 [TestNG-test=OrangeHRMTest-2] WARN  BaseClass - This is a Warn Message
2025-04-06 01:56:40 [TestNG-test=OrangeHRMTest-2] INFO  ActionDriver - WebDriver instance is created
2025-04-06 01:56:40 [TestNG-test=OrangeHRMTest-2] INFO  BaseClass - ActionDrive initialized for current thread :20
2025-04-06 01:56:40 [TestNG-test=OrangeHRMTest-2] INFO  ActionDriver - Entered text :Admin
2025-04-06 01:56:40 [TestNG-test=OrangeHRMTest-1] INFO  ActionDriver - Clicked an element
2025-04-06 01:56:40 [TestNG-test=OrangeHRMTest-1] INFO  ActionDriver - Entered text :Admin
2025-04-06 01:56:40 [TestNG-test=OrangeHRMTest-2] INFO  ActionDriver - Entered text :admin123
2025-04-06 01:56:40 [TestNG-test=OrangeHRMTest-2] INFO  ActionDriver - Clicked an element
2025-04-06 01:56:41 [TestNG-test=OrangeHRMTest-1] INFO  ActionDriver - Clicked an element
2025-04-06 01:56:41 [TestNG-test=OrangeHRMTest-1] INFO  ActionDriver - Assert Passed
2025-04-06 01:56:41 [TestNG-test=OrangeHRMTest-1] INFO  BaseClass - ActionDriver instance is closed
2025-04-06 01:56:41 [TestNG-test=OrangeHRMTest-1] INFO  BaseClass - WebDriver instance is closed
2025-04-06 01:56:43 [TestNG-test=OrangeHRMTest-1] INFO  BaseClass - ChromeDriver initiated is created
2025-04-06 01:56:43 [TestNG-test=OrangeHRMTest-2] INFO  ActionDriver - Clicked an element
2025-04-06 01:56:44 [TestNG-test=OrangeHRMTest-2] INFO  ActionDriver - Clicked an element
2025-04-06 01:56:49 [TestNG-test=OrangeHRMTest-1] INFO  BaseClass - WebDriver initialozed and browser maximized
2025-04-06 01:56:49 [TestNG-test=OrangeHRMTest-1] TRACE BaseClass - This is a Trace Message
2025-04-06 01:56:49 [TestNG-test=OrangeHRMTest-1] DEBUG BaseClass - This is a Debug Message
2025-04-06 01:56:49 [TestNG-test=OrangeHRMTest-1] WARN  BaseClass - This is a Warn Message
2025-04-06 01:56:49 [TestNG-test=OrangeHRMTest-1] INFO  ActionDriver - WebDriver instance is created
2025-04-06 01:56:49 [TestNG-test=OrangeHRMTest-1] INFO  BaseClass - ActionDrive initialized for current thread :19
2025-04-06 01:56:49 [TestNG-test=OrangeHRMTest-1] INFO  ActionDriver - Clicked an element
2025-04-06 01:56:49 [TestNG-test=OrangeHRMTest-1] INFO  ActionDriver - Entered text :Admin
2025-04-06 01:56:50 [TestNG-test=OrangeHRMTest-2] INFO  BaseClass - ActionDriver instance is closed
2025-04-06 01:56:50 [TestNG-test=OrangeHRMTest-2] INFO  BaseClass - WebDriver instance is closed
2025-04-06 01:56:50 [TestNG-test=OrangeHRMTest-1] INFO  ActionDriver - Clicked an element
2025-04-06 01:56:51 [TestNG-test=OrangeHRMTest-1] INFO  BaseClass - ActionDriver instance is closed
2025-04-06 01:56:51 [TestNG-test=OrangeHRMTest-1] INFO  BaseClass - WebDriver instance is closed
2025-04-06 01:56:52 [TestNG-test=OrangeHRMTest-1] INFO  BaseClass - ChromeDriver initiated is created
2025-04-06 01:56:57 [TestNG-test=OrangeHRMTest-1] INFO  BaseClass - WebDriver initialozed and browser maximized
2025-04-06 01:56:57 [TestNG-test=OrangeHRMTest-1] TRACE BaseClass - This is a Trace Message
2025-04-06 01:56:57 [TestNG-test=OrangeHRMTest-1] DEBUG BaseClass - This is a Debug Message
2025-04-06 01:56:57 [TestNG-test=OrangeHRMTest-1] WARN  BaseClass - This is a Warn Message
2025-04-06 01:56:57 [TestNG-test=OrangeHRMTest-1] INFO  ActionDriver - WebDriver instance is created
2025-04-06 01:56:57 [TestNG-test=OrangeHRMTest-1] INFO  BaseClass - ActionDrive initialized for current thread :19
2025-04-06 01:56:57 [TestNG-test=OrangeHRMTest-1] INFO  ActionDriver - Entered text :Holi
2025-04-06 01:56:58 [TestNG-test=OrangeHRMTest-1] INFO  ActionDriver - Entered text :admin123
2025-04-06 01:56:58 [TestNG-test=OrangeHRMTest-1] INFO  ActionDriver - Clicked an element
2025-04-06 01:56:59 [TestNG-test=OrangeHRMTest-1] INFO  ActionDriver - Texts are matching : Invalid credentials equals Invalid credentials
2025-04-06 01:57:04 [TestNG-test=OrangeHRMTest-1] INFO  BaseClass - ActionDriver instance is closed
2025-04-06 01:57:04 [TestNG-test=OrangeHRMTest-1] INFO  BaseClass - WebDriver instance is closed
2025-04-06 01:57:05 [TestNG-test=OrangeHRMTest-1] INFO  BaseClass - ChromeDriver initiated is created
2025-04-06 01:57:10 [TestNG-test=OrangeHRMTest-1] INFO  BaseClass - WebDriver initialozed and browser maximized
2025-04-06 01:57:10 [TestNG-test=OrangeHRMTest-1] TRACE BaseClass - This is a Trace Message
2025-04-06 01:57:10 [TestNG-test=OrangeHRMTest-1] DEBUG BaseClass - This is a Debug Message
2025-04-06 01:57:10 [TestNG-test=OrangeHRMTest-1] WARN  BaseClass - This is a Warn Message
2025-04-06 01:57:10 [TestNG-test=OrangeHRMTest-1] INFO  ActionDriver - WebDriver instance is created
2025-04-06 01:57:10 [TestNG-test=OrangeHRMTest-1] INFO  BaseClass - ActionDrive initialized for current thread :19
2025-04-06 01:57:11 [TestNG-test=OrangeHRMTest-1] INFO  ActionDriver - Entered text :Admin
2025-04-06 01:57:11 [TestNG-test=OrangeHRMTest-1] INFO  ActionDriver - Entered text :admin123
2025-04-06 01:57:12 [TestNG-test=OrangeHRMTest-1] INFO  ActionDriver - Clicked an element
2025-04-06 01:57:12 [TestNG-test=OrangeHRMTest-1] INFO  ActionDriver - Clicked an element
2025-04-06 01:57:15 [TestNG-test=OrangeHRMTest-1] INFO  ActionDriver - Clicked an element
2025-04-06 01:57:20 [TestNG-test=OrangeHRMTest-1] INFO  BaseClass - ActionDriver instance is closed
2025-04-06 01:57:20 [TestNG-test=OrangeHRMTest-1] INFO  BaseClass - WebDriver instance is closed
2025-04-06 02:03:21 [main] INFO  BaseClass - config.properties file loaded
2025-04-06 02:03:24 [TestNG-test=OrangeHRMTest-2] INFO  BaseClass - ChromeDriver initiated is created
2025-04-06 02:03:24 [TestNG-test=OrangeHRMTest-3] INFO  BaseClass - ChromeDriver initiated is created
2025-04-06 02:03:30 [TestNG-test=OrangeHRMTest-2] INFO  BaseClass - WebDriver initialozed and browser maximized
2025-04-06 02:03:30 [TestNG-test=OrangeHRMTest-2] TRACE BaseClass - This is a Trace Message
2025-04-06 02:03:30 [TestNG-test=OrangeHRMTest-2] DEBUG BaseClass - This is a Debug Message
2025-04-06 02:03:30 [TestNG-test=OrangeHRMTest-2] WARN  BaseClass - This is a Warn Message
2025-04-06 02:03:30 [TestNG-test=OrangeHRMTest-2] INFO  ActionDriver - WebDriver instance is created
2025-04-06 02:03:30 [TestNG-test=OrangeHRMTest-2] INFO  BaseClass - ActionDrive initialized for current thread :20
2025-04-06 02:03:31 [TestNG-test=OrangeHRMTest-3] INFO  BaseClass - WebDriver initialozed and browser maximized
2025-04-06 02:03:31 [TestNG-test=OrangeHRMTest-3] TRACE BaseClass - This is a Trace Message
2025-04-06 02:03:31 [TestNG-test=OrangeHRMTest-3] DEBUG BaseClass - This is a Debug Message
2025-04-06 02:03:31 [TestNG-test=OrangeHRMTest-3] WARN  BaseClass - This is a Warn Message
2025-04-06 02:03:31 [TestNG-test=OrangeHRMTest-3] INFO  ActionDriver - WebDriver instance is created
2025-04-06 02:03:31 [TestNG-test=OrangeHRMTest-3] INFO  BaseClass - ActionDrive initialized for current thread :21
2025-04-06 02:03:31 [TestNG-test=OrangeHRMTest-3] INFO  ActionDriver - Entered text :Admin
2025-04-06 02:03:31 [TestNG-test=OrangeHRMTest-3] INFO  ActionDriver - Entered text :admin123
2025-04-06 02:03:31 [TestNG-test=OrangeHRMTest-2] INFO  ActionDriver - Clicked an element
2025-04-06 02:03:31 [TestNG-test=OrangeHRMTest-2] INFO  ActionDriver - Entered text :Admin
2025-04-06 02:03:32 [TestNG-test=OrangeHRMTest-2] INFO  ActionDriver - Clicked an element
2025-04-06 02:03:33 [TestNG-test=OrangeHRMTest-3] INFO  ActionDriver - Clicked an element
2025-04-06 02:03:33 [TestNG-test=OrangeHRMTest-1] INFO  BaseClass - ChromeDriver initiated is created
2025-04-06 02:03:34 [TestNG-test=OrangeHRMTest-3] INFO  ActionDriver - Clicked an element
2025-04-06 02:03:36 [TestNG-test=OrangeHRMTest-3] INFO  ActionDriver - Clicked an element
2025-04-06 02:03:39 [TestNG-test=OrangeHRMTest-1] INFO  BaseClass - WebDriver initialozed and browser maximized
2025-04-06 02:03:39 [TestNG-test=OrangeHRMTest-1] TRACE BaseClass - This is a Trace Message
2025-04-06 02:03:39 [TestNG-test=OrangeHRMTest-1] DEBUG BaseClass - This is a Debug Message
2025-04-06 02:03:39 [TestNG-test=OrangeHRMTest-1] WARN  BaseClass - This is a Warn Message
2025-04-06 02:03:39 [TestNG-test=OrangeHRMTest-1] INFO  ActionDriver - WebDriver instance is created
2025-04-06 02:03:39 [TestNG-test=OrangeHRMTest-1] INFO  BaseClass - ActionDrive initialized for current thread :19
2025-04-06 02:03:40 [TestNG-test=OrangeHRMTest-1] INFO  ActionDriver - Clicked an element
2025-04-06 02:03:40 [TestNG-test=OrangeHRMTest-1] INFO  ActionDriver - Entered text :Admin
2025-04-06 02:03:41 [TestNG-test=OrangeHRMTest-1] INFO  ActionDriver - Clicked an element
2025-04-06 02:03:41 [TestNG-test=OrangeHRMTest-1] INFO  ActionDriver - Assert Passed
2025-04-06 02:03:42 [TestNG-test=OrangeHRMTest-5] INFO  BaseClass - ChromeDriver initiated is created
2025-04-06 02:03:43 [TestNG-test=OrangeHRMTest-3] INFO  BaseClass - ActionDriver instance is closed
2025-04-06 02:03:43 [TestNG-test=OrangeHRMTest-3] INFO  BaseClass - WebDriver instance is closed
2025-04-06 02:03:48 [TestNG-test=OrangeHRMTest-5] INFO  BaseClass - WebDriver initialozed and browser maximized
2025-04-06 02:03:48 [TestNG-test=OrangeHRMTest-5] TRACE BaseClass - This is a Trace Message
2025-04-06 02:03:48 [TestNG-test=OrangeHRMTest-5] DEBUG BaseClass - This is a Debug Message
2025-04-06 02:03:48 [TestNG-test=OrangeHRMTest-5] WARN  BaseClass - This is a Warn Message
2025-04-06 02:03:48 [TestNG-test=OrangeHRMTest-5] INFO  ActionDriver - WebDriver instance is created
2025-04-06 02:03:48 [TestNG-test=OrangeHRMTest-5] INFO  BaseClass - ActionDrive initialized for current thread :23
2025-04-06 02:03:48 [TestNG-test=OrangeHRMTest-5] INFO  ActionDriver - Entered text :Admin
2025-04-06 02:03:48 [TestNG-test=OrangeHRMTest-5] INFO  ActionDriver - Entered text :admin123
2025-04-06 02:03:50 [TestNG-test=OrangeHRMTest-5] INFO  ActionDriver - Clicked an element
2025-04-06 02:03:50 [TestNG-test=OrangeHRMTest-4] INFO  BaseClass - ChromeDriver initiated is created
2025-04-06 02:03:51 [TestNG-test=OrangeHRMTest-5] INFO  ActionDriver - Clicked an element
2025-04-06 02:03:54 [TestNG-test=OrangeHRMTest-5] INFO  ActionDriver - Clicked an element
2025-04-06 02:03:55 [TestNG-test=OrangeHRMTest-4] INFO  BaseClass - WebDriver initialozed and browser maximized
2025-04-06 02:03:55 [TestNG-test=OrangeHRMTest-4] TRACE BaseClass - This is a Trace Message
2025-04-06 02:03:55 [TestNG-test=OrangeHRMTest-4] DEBUG BaseClass - This is a Debug Message
2025-04-06 02:03:55 [TestNG-test=OrangeHRMTest-4] WARN  BaseClass - This is a Warn Message
2025-04-06 02:03:55 [TestNG-test=OrangeHRMTest-4] INFO  ActionDriver - WebDriver instance is created
2025-04-06 02:03:55 [TestNG-test=OrangeHRMTest-4] INFO  BaseClass - ActionDrive initialized for current thread :22
2025-04-06 02:03:56 [TestNG-test=OrangeHRMTest-4] INFO  ActionDriver - Entered text :Holi
2025-04-06 02:03:56 [TestNG-test=OrangeHRMTest-4] INFO  ActionDriver - Entered text :admin123
2025-04-06 02:03:56 [TestNG-test=OrangeHRMTest-1] INFO  BaseClass - ActionDriver instance is closed
2025-04-06 02:03:56 [TestNG-test=OrangeHRMTest-1] INFO  BaseClass - WebDriver instance is closed
2025-04-06 02:03:56 [TestNG-test=OrangeHRMTest-2] INFO  BaseClass - ActionDriver instance is closed
2025-04-06 02:03:56 [TestNG-test=OrangeHRMTest-2] INFO  BaseClass - WebDriver instance is closed
2025-04-06 02:03:57 [TestNG-test=OrangeHRMTest-4] INFO  ActionDriver - Clicked an element
2025-04-06 02:03:57 [TestNG-test=OrangeHRMTest-4] INFO  ActionDriver - Texts are matching : Invalid credentials equals Invalid credentials
2025-04-06 02:03:59 [TestNG-test=OrangeHRMTest-5] INFO  BaseClass - ActionDriver instance is closed
2025-04-06 02:03:59 [TestNG-test=OrangeHRMTest-5] INFO  BaseClass - WebDriver instance is closed
2025-04-06 02:04:03 [TestNG-test=OrangeHRMTest-4] INFO  BaseClass - ActionDriver instance is closed
2025-04-06 02:04:03 [TestNG-test=OrangeHRMTest-4] INFO  BaseClass - WebDriver instance is closed
2025-04-06 02:09:09 [main] INFO  BaseClass - config.properties file loaded
2025-04-06 02:09:11 [TestNG-tests-1] INFO  BaseClass - ChromeDriver initiated is created
2025-04-06 02:09:17 [TestNG-tests-1] INFO  BaseClass - WebDriver initialozed and browser maximized
2025-04-06 02:09:17 [TestNG-tests-1] TRACE BaseClass - This is a Trace Message
2025-04-06 02:09:17 [TestNG-tests-1] DEBUG BaseClass - This is a Debug Message
2025-04-06 02:09:17 [TestNG-tests-1] WARN  BaseClass - This is a Warn Message
2025-04-06 02:09:17 [TestNG-tests-1] INFO  ActionDriver - WebDriver instance is created
2025-04-06 02:09:17 [TestNG-tests-1] INFO  BaseClass - ActionDrive initialized for current thread :19
2025-04-06 02:09:18 [TestNG-tests-1] INFO  ActionDriver - Clicked an element
2025-04-06 02:09:18 [TestNG-tests-1] INFO  ActionDriver - Entered text :Admin
2025-04-06 02:09:18 [TestNG-tests-1] INFO  ActionDriver - Clicked an element
2025-04-06 02:09:18 [TestNG-tests-1] INFO  ActionDriver - Assert Passed
2025-04-06 02:09:19 [TestNG-tests-1] INFO  BaseClass - ActionDriver instance is closed
2025-04-06 02:09:19 [TestNG-tests-1] INFO  BaseClass - WebDriver instance is closed
2025-04-06 02:09:20 [TestNG-tests-1] INFO  BaseClass - ChromeDriver initiated is created
2025-04-06 02:09:25 [TestNG-tests-1] INFO  BaseClass - WebDriver initialozed and browser maximized
2025-04-06 02:09:25 [TestNG-tests-1] TRACE BaseClass - This is a Trace Message
2025-04-06 02:09:25 [TestNG-tests-1] DEBUG BaseClass - This is a Debug Message
2025-04-06 02:09:25 [TestNG-tests-1] WARN  BaseClass - This is a Warn Message
2025-04-06 02:09:25 [TestNG-tests-1] INFO  ActionDriver - WebDriver instance is created
2025-04-06 02:09:25 [TestNG-tests-1] INFO  BaseClass - ActionDrive initialized for current thread :19
2025-04-06 02:09:26 [TestNG-tests-1] INFO  ActionDriver - Clicked an element
2025-04-06 02:09:26 [TestNG-tests-1] INFO  ActionDriver - Entered text :Admin
2025-04-06 02:09:26 [TestNG-tests-1] INFO  ActionDriver - Clicked an element
2025-04-06 02:09:28 [TestNG-tests-1] INFO  BaseClass - ActionDriver instance is closed
2025-04-06 02:09:28 [TestNG-tests-1] INFO  BaseClass - WebDriver instance is closed
2025-04-06 02:09:29 [TestNG-tests-1] INFO  BaseClass - ChromeDriver initiated is created
2025-04-06 02:09:34 [TestNG-tests-1] INFO  BaseClass - WebDriver initialozed and browser maximized
2025-04-06 02:09:34 [TestNG-tests-1] TRACE BaseClass - This is a Trace Message
2025-04-06 02:09:34 [TestNG-tests-1] DEBUG BaseClass - This is a Debug Message
2025-04-06 02:09:34 [TestNG-tests-1] WARN  BaseClass - This is a Warn Message
2025-04-06 02:09:34 [TestNG-tests-1] INFO  ActionDriver - WebDriver instance is created
2025-04-06 02:09:34 [TestNG-tests-1] INFO  BaseClass - ActionDrive initialized for current thread :19
2025-04-06 02:09:34 [TestNG-tests-1] INFO  ActionDriver - Entered text :Admin
2025-04-06 02:09:34 [TestNG-tests-1] INFO  ActionDriver - Entered text :admin123
2025-04-06 02:09:34 [TestNG-tests-1] INFO  ActionDriver - Clicked an element
2025-04-06 02:09:36 [TestNG-tests-1] INFO  ActionDriver - Clicked an element
2025-04-06 02:09:38 [TestNG-tests-1] INFO  ActionDriver - Clicked an element
2025-04-06 02:09:43 [TestNG-tests-1] INFO  BaseClass - ActionDriver instance is closed
2025-04-06 02:09:43 [TestNG-tests-1] INFO  BaseClass - WebDriver instance is closed
2025-04-06 02:09:44 [TestNG-tests-1] INFO  BaseClass - ChromeDriver initiated is created
2025-04-06 02:09:50 [TestNG-tests-1] INFO  BaseClass - WebDriver initialozed and browser maximized
2025-04-06 02:09:50 [TestNG-tests-1] TRACE BaseClass - This is a Trace Message
2025-04-06 02:09:50 [TestNG-tests-1] DEBUG BaseClass - This is a Debug Message
2025-04-06 02:09:50 [TestNG-tests-1] WARN  BaseClass - This is a Warn Message
2025-04-06 02:09:50 [TestNG-tests-1] INFO  ActionDriver - WebDriver instance is created
2025-04-06 02:09:50 [TestNG-tests-1] INFO  BaseClass - ActionDrive initialized for current thread :19
2025-04-06 02:09:50 [TestNG-tests-1] INFO  ActionDriver - Entered text :Holi
2025-04-06 02:09:50 [TestNG-tests-1] INFO  ActionDriver - Entered text :admin123
2025-04-06 02:09:51 [TestNG-tests-1] INFO  ActionDriver - Clicked an element
2025-04-06 02:09:51 [TestNG-tests-1] INFO  ActionDriver - Texts are matching : Invalid credentials equals Invalid credentials
2025-04-06 02:09:56 [TestNG-tests-1] INFO  BaseClass - ActionDriver instance is closed
2025-04-06 02:09:56 [TestNG-tests-1] INFO  BaseClass - WebDriver instance is closed
2025-04-06 02:09:57 [TestNG-tests-1] INFO  BaseClass - ChromeDriver initiated is created
2025-04-06 02:10:03 [TestNG-tests-1] INFO  BaseClass - WebDriver initialozed and browser maximized
2025-04-06 02:10:03 [TestNG-tests-1] TRACE BaseClass - This is a Trace Message
2025-04-06 02:10:03 [TestNG-tests-1] DEBUG BaseClass - This is a Debug Message
2025-04-06 02:10:03 [TestNG-tests-1] WARN  BaseClass - This is a Warn Message
2025-04-06 02:10:03 [TestNG-tests-1] INFO  ActionDriver - WebDriver instance is created
2025-04-06 02:10:03 [TestNG-tests-1] INFO  BaseClass - ActionDrive initialized for current thread :19
2025-04-06 02:10:03 [TestNG-tests-1] INFO  ActionDriver - Entered text :Admin
2025-04-06 02:10:03 [TestNG-tests-1] INFO  ActionDriver - Entered text :admin123
2025-04-06 02:10:03 [TestNG-tests-1] INFO  ActionDriver - Clicked an element
2025-04-06 02:10:05 [TestNG-tests-1] INFO  ActionDriver - Clicked an element
2025-04-06 02:10:06 [TestNG-tests-1] INFO  ActionDriver - Clicked an element
2025-04-06 02:10:12 [TestNG-tests-1] INFO  BaseClass - ActionDriver instance is closed
2025-04-06 02:10:12 [TestNG-tests-1] INFO  BaseClass - WebDriver instance is closed
2025-04-06 02:10:48 [main] INFO  BaseClass - config.properties file loaded
2025-04-06 02:10:53 [TestNG-test=OrangeHRMTest-2] INFO  BaseClass - ChromeDriver initiated is created
2025-04-06 02:10:53 [TestNG-test=OrangeHRMTest-1] INFO  BaseClass - ChromeDriver initiated is created
2025-04-06 02:10:58 [TestNG-test=OrangeHRMTest-1] INFO  BaseClass - WebDriver initialozed and browser maximized
2025-04-06 02:10:58 [TestNG-test=OrangeHRMTest-1] TRACE BaseClass - This is a Trace Message
2025-04-06 02:10:58 [TestNG-test=OrangeHRMTest-1] DEBUG BaseClass - This is a Debug Message
2025-04-06 02:10:58 [TestNG-test=OrangeHRMTest-1] WARN  BaseClass - This is a Warn Message
2025-04-06 02:10:58 [TestNG-test=OrangeHRMTest-1] INFO  ActionDriver - WebDriver instance is created
2025-04-06 02:10:58 [TestNG-test=OrangeHRMTest-1] INFO  BaseClass - ActionDrive initialized for current thread :19
2025-04-06 02:10:59 [TestNG-test=OrangeHRMTest-2] INFO  BaseClass - WebDriver initialozed and browser maximized
2025-04-06 02:10:59 [TestNG-test=OrangeHRMTest-2] TRACE BaseClass - This is a Trace Message
2025-04-06 02:10:59 [TestNG-test=OrangeHRMTest-2] DEBUG BaseClass - This is a Debug Message
2025-04-06 02:10:59 [TestNG-test=OrangeHRMTest-2] WARN  BaseClass - This is a Warn Message
2025-04-06 02:10:59 [TestNG-test=OrangeHRMTest-2] INFO  ActionDriver - WebDriver instance is created
2025-04-06 02:10:59 [TestNG-test=OrangeHRMTest-2] INFO  BaseClass - ActionDrive initialized for current thread :20
2025-04-06 02:10:59 [TestNG-test=OrangeHRMTest-2] INFO  ActionDriver - Entered text :Admin
2025-04-06 02:10:59 [TestNG-test=OrangeHRMTest-2] INFO  ActionDriver - Entered text :admin123
2025-04-06 02:10:59 [TestNG-test=OrangeHRMTest-1] INFO  ActionDriver - Clicked an element
2025-04-06 02:10:59 [TestNG-test=OrangeHRMTest-1] INFO  ActionDriver - Entered text :Admin
2025-04-06 02:10:59 [TestNG-test=OrangeHRMTest-2] INFO  ActionDriver - Clicked an element
2025-04-06 02:11:00 [TestNG-test=OrangeHRMTest-1] INFO  ActionDriver - Clicked an element
2025-04-06 02:11:00 [TestNG-test=OrangeHRMTest-1] INFO  ActionDriver - Assert Passed
2025-04-06 02:11:00 [TestNG-test=OrangeHRMTest-1] INFO  BaseClass - ActionDriver instance is closed
2025-04-06 02:11:00 [TestNG-test=OrangeHRMTest-1] INFO  BaseClass - WebDriver instance is closed
2025-04-06 02:11:01 [TestNG-test=OrangeHRMTest-2] INFO  ActionDriver - Clicked an element
2025-04-06 02:11:02 [TestNG-test=OrangeHRMTest-1] INFO  BaseClass - ChromeDriver initiated is created
2025-04-06 02:11:03 [TestNG-test=OrangeHRMTest-2] INFO  ActionDriver - Clicked an element
2025-04-06 02:11:07 [TestNG-test=OrangeHRMTest-1] INFO  BaseClass - WebDriver initialozed and browser maximized
2025-04-06 02:11:07 [TestNG-test=OrangeHRMTest-1] TRACE BaseClass - This is a Trace Message
2025-04-06 02:11:07 [TestNG-test=OrangeHRMTest-1] DEBUG BaseClass - This is a Debug Message
2025-04-06 02:11:07 [TestNG-test=OrangeHRMTest-1] WARN  BaseClass - This is a Warn Message
2025-04-06 02:11:07 [TestNG-test=OrangeHRMTest-1] INFO  ActionDriver - WebDriver instance is created
2025-04-06 02:11:07 [TestNG-test=OrangeHRMTest-1] INFO  BaseClass - ActionDrive initialized for current thread :19
2025-04-06 02:11:08 [TestNG-test=OrangeHRMTest-1] INFO  ActionDriver - Clicked an element
2025-04-06 02:11:08 [TestNG-test=OrangeHRMTest-1] INFO  ActionDriver - Entered text :Admin
2025-04-06 02:11:08 [TestNG-test=OrangeHRMTest-1] INFO  ActionDriver - Clicked an element
2025-04-06 02:11:08 [TestNG-test=OrangeHRMTest-2] INFO  BaseClass - ActionDriver instance is closed
2025-04-06 02:11:08 [TestNG-test=OrangeHRMTest-2] INFO  BaseClass - WebDriver instance is closed
2025-04-06 02:11:10 [TestNG-test=OrangeHRMTest-1] INFO  BaseClass - ActionDriver instance is closed
2025-04-06 02:11:10 [TestNG-test=OrangeHRMTest-1] INFO  BaseClass - WebDriver instance is closed
2025-04-06 02:11:11 [TestNG-test=OrangeHRMTest-1] INFO  BaseClass - ChromeDriver initiated is created
2025-04-06 02:11:16 [TestNG-test=OrangeHRMTest-1] INFO  BaseClass - WebDriver initialozed and browser maximized
2025-04-06 02:11:16 [TestNG-test=OrangeHRMTest-1] TRACE BaseClass - This is a Trace Message
2025-04-06 02:11:16 [TestNG-test=OrangeHRMTest-1] DEBUG BaseClass - This is a Debug Message
2025-04-06 02:11:16 [TestNG-test=OrangeHRMTest-1] WARN  BaseClass - This is a Warn Message
2025-04-06 02:11:16 [TestNG-test=OrangeHRMTest-1] INFO  ActionDriver - WebDriver instance is created
2025-04-06 02:11:16 [TestNG-test=OrangeHRMTest-1] INFO  BaseClass - ActionDrive initialized for current thread :19
2025-04-06 02:11:16 [TestNG-test=OrangeHRMTest-1] INFO  ActionDriver - Entered text :Holi
2025-04-06 02:11:16 [TestNG-test=OrangeHRMTest-1] INFO  ActionDriver - Entered text :admin123
2025-04-06 02:11:17 [TestNG-test=OrangeHRMTest-1] INFO  ActionDriver - Clicked an element
2025-04-06 02:11:18 [TestNG-test=OrangeHRMTest-1] INFO  ActionDriver - Texts are matching : Invalid credentials equals Invalid credentials
2025-04-06 02:11:25 [TestNG-test=OrangeHRMTest-1] INFO  BaseClass - ActionDriver instance is closed
2025-04-06 02:11:25 [TestNG-test=OrangeHRMTest-1] INFO  BaseClass - WebDriver instance is closed
2025-04-06 02:11:26 [TestNG-test=OrangeHRMTest-1] INFO  BaseClass - ChromeDriver initiated is created
2025-04-06 02:11:31 [TestNG-test=OrangeHRMTest-1] INFO  BaseClass - WebDriver initialozed and browser maximized
2025-04-06 02:11:31 [TestNG-test=OrangeHRMTest-1] TRACE BaseClass - This is a Trace Message
2025-04-06 02:11:31 [TestNG-test=OrangeHRMTest-1] DEBUG BaseClass - This is a Debug Message
2025-04-06 02:11:31 [TestNG-test=OrangeHRMTest-1] WARN  BaseClass - This is a Warn Message
2025-04-06 02:11:31 [TestNG-test=OrangeHRMTest-1] INFO  ActionDriver - WebDriver instance is created
2025-04-06 02:11:31 [TestNG-test=OrangeHRMTest-1] INFO  BaseClass - ActionDrive initialized for current thread :19
2025-04-06 02:11:31 [TestNG-test=OrangeHRMTest-1] INFO  ActionDriver - Entered text :Admin
2025-04-06 02:11:32 [TestNG-test=OrangeHRMTest-1] INFO  ActionDriver - Entered text :admin123
2025-04-06 02:11:33 [TestNG-test=OrangeHRMTest-1] INFO  ActionDriver - Clicked an element
2025-04-06 02:11:33 [TestNG-test=OrangeHRMTest-1] INFO  ActionDriver - Clicked an element
2025-04-06 02:11:36 [TestNG-test=OrangeHRMTest-1] INFO  ActionDriver - Clicked an element
2025-04-06 02:11:41 [TestNG-test=OrangeHRMTest-1] INFO  BaseClass - ActionDriver instance is closed
2025-04-06 02:11:41 [TestNG-test=OrangeHRMTest-1] INFO  BaseClass - WebDriver instance is closed
2025-04-06 16:57:50 [main] INFO  BaseClass - config.properties file loaded
2025-04-06 16:58:42 [main] INFO  BaseClass - config.properties file loaded
2025-04-06 16:58:43 [main] INFO  BaseClass - config.properties file loaded
2025-04-06 17:00:55 [main] INFO  BaseClass - config.properties file loaded
2025-04-06 17:00:57 [main] INFO  BaseClass - ChromeDriver initiated is created
2025-04-06 17:01:03 [main] INFO  BaseClass - WebDriver initialozed and browser maximized
2025-04-06 17:01:03 [main] TRACE BaseClass - This is a Trace Message
2025-04-06 17:01:03 [main] DEBUG BaseClass - This is a Debug Message
2025-04-06 17:01:03 [main] WARN  BaseClass - This is a Warn Message
2025-04-06 17:01:03 [main] INFO  ActionDriver - WebDriver instance is created
2025-04-06 17:01:03 [main] INFO  BaseClass - ActionDrive initialized for current thread :1
2025-04-06 17:01:03 [main] INFO  BaseClass - ActionDriver instance is closed
2025-04-06 17:01:03 [main] INFO  BaseClass - WebDriver instance is closed
2025-04-06 17:01:58 [main] INFO  BaseClass - config.properties file loaded
2025-04-06 17:02:43 [main] INFO  BaseClass - config.properties file loaded
2025-04-06 17:02:45 [main] INFO  BaseClass - ChromeDriver initiated is created
2025-04-06 17:03:16 [main] INFO  BaseClass - config.properties file loaded
2025-04-06 17:06:04 [main] INFO  BaseClass - config.properties file loaded
2025-04-06 17:07:06 [main] INFO  BaseClass - config.properties file loaded
2025-04-06 17:08:21 [main] INFO  BaseClass - config.properties file loaded
2025-04-06 17:08:23 [main] INFO  BaseClass - ChromeDriver initiated is created
2025-04-06 17:08:29 [main] INFO  BaseClass - WebDriver initialozed and browser maximized
2025-04-06 17:08:29 [main] TRACE BaseClass - This is a Trace Message
2025-04-06 17:08:29 [main] DEBUG BaseClass - This is a Debug Message
2025-04-06 17:08:29 [main] WARN  BaseClass - This is a Warn Message
2025-04-06 17:08:29 [main] INFO  ActionDriver - WebDriver instance is created
2025-04-06 17:08:29 [main] INFO  BaseClass - ActionDrive initialized for current thread :1
2025-04-06 17:08:29 [main] INFO  ActionDriver - Entered text :Holi
2025-04-06 17:08:29 [main] INFO  ActionDriver - Entered text :admin123
2025-04-06 17:08:30 [main] INFO  ActionDriver - Clicked an element
2025-04-06 17:08:30 [main] INFO  ActionDriver - Texts are matching : Invalid credentials equals Invalid credentials
2025-04-06 17:08:36 [main] INFO  BaseClass - ActionDriver instance is closed
2025-04-06 17:08:36 [main] INFO  BaseClass - WebDriver instance is closed
2025-04-06 17:09:04 [main] INFO  BaseClass - config.properties file loaded
2025-04-06 17:09:07 [TestNG-test=OrangeHRMTest-2] INFO  BaseClass - ChromeDriver initiated is created
2025-04-06 17:09:07 [TestNG-test=OrangeHRMTest-1] INFO  BaseClass - ChromeDriver initiated is created
2025-04-06 17:09:12 [TestNG-test=OrangeHRMTest-1] INFO  BaseClass - WebDriver initialozed and browser maximized
2025-04-06 17:09:12 [TestNG-test=OrangeHRMTest-1] TRACE BaseClass - This is a Trace Message
2025-04-06 17:09:12 [TestNG-test=OrangeHRMTest-1] DEBUG BaseClass - This is a Debug Message
2025-04-06 17:09:12 [TestNG-test=OrangeHRMTest-1] WARN  BaseClass - This is a Warn Message
2025-04-06 17:09:12 [TestNG-test=OrangeHRMTest-1] INFO  ActionDriver - WebDriver instance is created
2025-04-06 17:09:12 [TestNG-test=OrangeHRMTest-1] INFO  BaseClass - ActionDrive initialized for current thread :20
2025-04-06 17:09:12 [TestNG-test=OrangeHRMTest-2] INFO  BaseClass - WebDriver initialozed and browser maximized
2025-04-06 17:09:12 [TestNG-test=OrangeHRMTest-2] TRACE BaseClass - This is a Trace Message
2025-04-06 17:09:12 [TestNG-test=OrangeHRMTest-2] DEBUG BaseClass - This is a Debug Message
2025-04-06 17:09:12 [TestNG-test=OrangeHRMTest-2] WARN  BaseClass - This is a Warn Message
2025-04-06 17:09:12 [TestNG-test=OrangeHRMTest-2] INFO  ActionDriver - WebDriver instance is created
2025-04-06 17:09:12 [TestNG-test=OrangeHRMTest-2] INFO  BaseClass - ActionDrive initialized for current thread :21
2025-04-06 17:09:12 [TestNG-test=OrangeHRMTest-2] INFO  ActionDriver - Entered text :Admin
2025-04-06 17:09:12 [TestNG-test=OrangeHRMTest-2] INFO  ActionDriver - Entered text :admin123
2025-04-06 17:09:13 [TestNG-test=OrangeHRMTest-1] INFO  ActionDriver - Clicked an element
2025-04-06 17:09:13 [TestNG-test=OrangeHRMTest-1] INFO  ActionDriver - Entered text :Admin
2025-04-06 17:09:14 [TestNG-test=OrangeHRMTest-1] INFO  ActionDriver - Clicked an element
2025-04-06 17:09:14 [TestNG-test=OrangeHRMTest-1] INFO  ActionDriver - Assert Passed
2025-04-06 17:09:14 [TestNG-test=OrangeHRMTest-2] INFO  ActionDriver - Clicked an element
2025-04-06 17:09:14 [TestNG-test=OrangeHRMTest-1] INFO  BaseClass - ActionDriver instance is closed
2025-04-06 17:09:14 [TestNG-test=OrangeHRMTest-1] INFO  BaseClass - WebDriver instance is closed
2025-04-06 17:09:14 [TestNG-test=OrangeHRMTest-2] INFO  ActionDriver - Clicked an element
2025-04-06 17:09:15 [TestNG-test=OrangeHRMTest-1] INFO  BaseClass - ChromeDriver initiated is created
2025-04-06 17:09:17 [TestNG-test=OrangeHRMTest-2] INFO  ActionDriver - Clicked an element
2025-04-06 17:09:21 [TestNG-test=OrangeHRMTest-1] INFO  BaseClass - WebDriver initialozed and browser maximized
2025-04-06 17:09:21 [TestNG-test=OrangeHRMTest-1] TRACE BaseClass - This is a Trace Message
2025-04-06 17:09:21 [TestNG-test=OrangeHRMTest-1] DEBUG BaseClass - This is a Debug Message
2025-04-06 17:09:21 [TestNG-test=OrangeHRMTest-1] WARN  BaseClass - This is a Warn Message
2025-04-06 17:09:21 [TestNG-test=OrangeHRMTest-1] INFO  ActionDriver - WebDriver instance is created
2025-04-06 17:09:21 [TestNG-test=OrangeHRMTest-1] INFO  BaseClass - ActionDrive initialized for current thread :20
2025-04-06 17:09:21 [TestNG-test=OrangeHRMTest-1] INFO  ActionDriver - Clicked an element
2025-04-06 17:09:21 [TestNG-test=OrangeHRMTest-1] INFO  ActionDriver - Entered text :Admin
2025-04-06 17:09:22 [TestNG-test=OrangeHRMTest-2] INFO  BaseClass - ActionDriver instance is closed
2025-04-06 17:09:22 [TestNG-test=OrangeHRMTest-2] INFO  BaseClass - WebDriver instance is closed
2025-04-06 17:09:22 [TestNG-test=OrangeHRMTest-1] INFO  ActionDriver - Clicked an element
2025-04-06 17:09:23 [TestNG-test=OrangeHRMTest-1] INFO  BaseClass - ActionDriver instance is closed
2025-04-06 17:09:23 [TestNG-test=OrangeHRMTest-1] INFO  BaseClass - WebDriver instance is closed
2025-04-06 17:09:24 [TestNG-test=OrangeHRMTest-1] INFO  BaseClass - ChromeDriver initiated is created
2025-04-06 17:09:29 [TestNG-test=OrangeHRMTest-1] INFO  BaseClass - WebDriver initialozed and browser maximized
2025-04-06 17:09:29 [TestNG-test=OrangeHRMTest-1] TRACE BaseClass - This is a Trace Message
2025-04-06 17:09:29 [TestNG-test=OrangeHRMTest-1] DEBUG BaseClass - This is a Debug Message
2025-04-06 17:09:29 [TestNG-test=OrangeHRMTest-1] WARN  BaseClass - This is a Warn Message
2025-04-06 17:09:29 [TestNG-test=OrangeHRMTest-1] INFO  ActionDriver - WebDriver instance is created
2025-04-06 17:09:29 [TestNG-test=OrangeHRMTest-1] INFO  BaseClass - ActionDrive initialized for current thread :20
2025-04-06 17:09:30 [TestNG-test=OrangeHRMTest-1] INFO  ActionDriver - Entered text :Holi
2025-04-06 17:09:30 [TestNG-test=OrangeHRMTest-1] INFO  ActionDriver - Entered text :admin123
2025-04-06 17:09:31 [TestNG-test=OrangeHRMTest-1] INFO  ActionDriver - Clicked an element
2025-04-06 17:09:31 [TestNG-test=OrangeHRMTest-1] INFO  ActionDriver - Texts are matching : Invalid credentials equals Invalid credentials
2025-04-06 17:09:36 [TestNG-test=OrangeHRMTest-1] INFO  BaseClass - ActionDriver instance is closed
2025-04-06 17:09:36 [TestNG-test=OrangeHRMTest-1] INFO  BaseClass - WebDriver instance is closed
2025-04-06 17:09:37 [TestNG-test=OrangeHRMTest-1] INFO  BaseClass - ChromeDriver initiated is created
2025-04-06 17:09:42 [TestNG-test=OrangeHRMTest-1] INFO  BaseClass - WebDriver initialozed and browser maximized
2025-04-06 17:09:42 [TestNG-test=OrangeHRMTest-1] TRACE BaseClass - This is a Trace Message
2025-04-06 17:09:42 [TestNG-test=OrangeHRMTest-1] DEBUG BaseClass - This is a Debug Message
2025-04-06 17:09:42 [TestNG-test=OrangeHRMTest-1] WARN  BaseClass - This is a Warn Message
2025-04-06 17:09:42 [TestNG-test=OrangeHRMTest-1] INFO  ActionDriver - WebDriver instance is created
2025-04-06 17:09:42 [TestNG-test=OrangeHRMTest-1] INFO  BaseClass - ActionDrive initialized for current thread :20
2025-04-06 17:09:42 [TestNG-test=OrangeHRMTest-1] INFO  ActionDriver - Entered text :Admin
2025-04-06 17:09:43 [TestNG-test=OrangeHRMTest-1] INFO  ActionDriver - Entered text :admin123
2025-04-06 17:09:43 [TestNG-test=OrangeHRMTest-1] INFO  ActionDriver - Clicked an element
2025-04-06 17:09:45 [TestNG-test=OrangeHRMTest-1] INFO  ActionDriver - Clicked an element
2025-04-06 17:09:47 [TestNG-test=OrangeHRMTest-1] INFO  ActionDriver - Clicked an element
2025-04-06 17:09:52 [TestNG-test=OrangeHRMTest-1] INFO  BaseClass - ActionDriver instance is closed
2025-04-06 17:09:52 [TestNG-test=OrangeHRMTest-1] INFO  BaseClass - WebDriver instance is closed
2025-04-06 17:10:50 [main] INFO  BaseClass - config.properties file loaded
2025-04-06 17:10:52 [TestNG-test=OrangeHRMTest-2] INFO  BaseClass - ChromeDriver initiated is created
2025-04-06 17:10:52 [TestNG-test=OrangeHRMTest-1] INFO  BaseClass - ChromeDriver initiated is created
2025-04-06 17:10:58 [TestNG-test=OrangeHRMTest-1] INFO  BaseClass - WebDriver initialozed and browser maximized
2025-04-06 17:10:58 [TestNG-test=OrangeHRMTest-1] TRACE BaseClass - This is a Trace Message
2025-04-06 17:10:58 [TestNG-test=OrangeHRMTest-1] DEBUG BaseClass - This is a Debug Message
2025-04-06 17:10:58 [TestNG-test=OrangeHRMTest-1] WARN  BaseClass - This is a Warn Message
2025-04-06 17:10:58 [TestNG-test=OrangeHRMTest-1] INFO  ActionDriver - WebDriver instance is created
2025-04-06 17:10:58 [TestNG-test=OrangeHRMTest-1] INFO  BaseClass - ActionDrive initialized for current thread :20
2025-04-06 17:10:58 [TestNG-test=OrangeHRMTest-2] INFO  BaseClass - WebDriver initialozed and browser maximized
2025-04-06 17:10:58 [TestNG-test=OrangeHRMTest-2] TRACE BaseClass - This is a Trace Message
2025-04-06 17:10:58 [TestNG-test=OrangeHRMTest-2] DEBUG BaseClass - This is a Debug Message
2025-04-06 17:10:58 [TestNG-test=OrangeHRMTest-2] WARN  BaseClass - This is a Warn Message
2025-04-06 17:10:58 [TestNG-test=OrangeHRMTest-2] INFO  ActionDriver - WebDriver instance is created
2025-04-06 17:10:58 [TestNG-test=OrangeHRMTest-2] INFO  BaseClass - ActionDrive initialized for current thread :21
2025-04-06 17:10:58 [TestNG-test=OrangeHRMTest-2] INFO  ActionDriver - Entered text :Admin
2025-04-06 17:10:58 [TestNG-test=OrangeHRMTest-2] INFO  ActionDriver - Entered text :admin123
2025-04-06 17:10:58 [TestNG-test=OrangeHRMTest-1] INFO  ActionDriver - Clicked an element
2025-04-06 17:10:58 [TestNG-test=OrangeHRMTest-1] INFO  ActionDriver - Entered text :Admin
2025-04-06 17:10:59 [TestNG-test=OrangeHRMTest-1] INFO  ActionDriver - Clicked an element
2025-04-06 17:10:59 [TestNG-test=OrangeHRMTest-1] INFO  ActionDriver - Assert Passed
2025-04-06 17:10:59 [TestNG-test=OrangeHRMTest-1] INFO  BaseClass - ActionDriver instance is closed
2025-04-06 17:10:59 [TestNG-test=OrangeHRMTest-1] INFO  BaseClass - WebDriver instance is closed
2025-04-06 17:11:00 [TestNG-test=OrangeHRMTest-2] INFO  ActionDriver - Clicked an element
2025-04-06 17:11:01 [TestNG-test=OrangeHRMTest-1] INFO  BaseClass - ChromeDriver initiated is created
2025-04-06 17:11:01 [TestNG-test=OrangeHRMTest-2] INFO  ActionDriver - Clicked an element
2025-04-06 17:11:02 [TestNG-test=OrangeHRMTest-2] INFO  ActionDriver - Clicked an element
2025-04-06 17:11:06 [TestNG-test=OrangeHRMTest-1] INFO  BaseClass - WebDriver initialozed and browser maximized
2025-04-06 17:11:06 [TestNG-test=OrangeHRMTest-1] TRACE BaseClass - This is a Trace Message
2025-04-06 17:11:06 [TestNG-test=OrangeHRMTest-1] DEBUG BaseClass - This is a Debug Message
2025-04-06 17:11:06 [TestNG-test=OrangeHRMTest-1] WARN  BaseClass - This is a Warn Message
2025-04-06 17:11:06 [TestNG-test=OrangeHRMTest-1] INFO  ActionDriver - WebDriver instance is created
2025-04-06 17:11:06 [TestNG-test=OrangeHRMTest-1] INFO  BaseClass - ActionDrive initialized for current thread :20
2025-04-06 17:11:07 [TestNG-test=OrangeHRMTest-1] INFO  ActionDriver - Clicked an element
2025-04-06 17:11:07 [TestNG-test=OrangeHRMTest-1] INFO  ActionDriver - Entered text :Admin
2025-04-06 17:11:07 [TestNG-test=OrangeHRMTest-2] INFO  BaseClass - ActionDriver instance is closed
2025-04-06 17:11:07 [TestNG-test=OrangeHRMTest-2] INFO  BaseClass - WebDriver instance is closed
2025-04-06 17:11:07 [TestNG-test=OrangeHRMTest-1] INFO  ActionDriver - Clicked an element
2025-04-06 17:11:09 [TestNG-test=OrangeHRMTest-1] INFO  BaseClass - ActionDriver instance is closed
2025-04-06 17:11:09 [TestNG-test=OrangeHRMTest-1] INFO  BaseClass - WebDriver instance is closed
2025-04-06 17:11:10 [TestNG-test=OrangeHRMTest-1] INFO  BaseClass - ChromeDriver initiated is created
2025-04-06 17:11:15 [TestNG-test=OrangeHRMTest-1] INFO  BaseClass - WebDriver initialozed and browser maximized
2025-04-06 17:11:15 [TestNG-test=OrangeHRMTest-1] TRACE BaseClass - This is a Trace Message
2025-04-06 17:11:15 [TestNG-test=OrangeHRMTest-1] DEBUG BaseClass - This is a Debug Message
2025-04-06 17:11:15 [TestNG-test=OrangeHRMTest-1] WARN  BaseClass - This is a Warn Message
2025-04-06 17:11:15 [TestNG-test=OrangeHRMTest-1] INFO  ActionDriver - WebDriver instance is created
2025-04-06 17:11:15 [TestNG-test=OrangeHRMTest-1] INFO  BaseClass - ActionDrive initialized for current thread :20
2025-04-06 17:11:15 [TestNG-test=OrangeHRMTest-1] INFO  ActionDriver - Entered text :Holi
2025-04-06 17:11:15 [TestNG-test=OrangeHRMTest-1] INFO  ActionDriver - Entered text :admin123
2025-04-06 17:11:16 [TestNG-test=OrangeHRMTest-1] INFO  ActionDriver - Clicked an element
2025-04-06 17:11:16 [TestNG-test=OrangeHRMTest-1] INFO  ActionDriver - Texts are matching : Invalid credentials equals Invalid credentials
2025-04-06 17:11:22 [TestNG-test=OrangeHRMTest-1] INFO  BaseClass - ActionDriver instance is closed
2025-04-06 17:11:22 [TestNG-test=OrangeHRMTest-1] INFO  BaseClass - WebDriver instance is closed
2025-04-06 17:11:23 [TestNG-test=OrangeHRMTest-1] INFO  BaseClass - ChromeDriver initiated is created
2025-04-06 17:11:28 [TestNG-test=OrangeHRMTest-1] INFO  BaseClass - WebDriver initialozed and browser maximized
2025-04-06 17:11:28 [TestNG-test=OrangeHRMTest-1] TRACE BaseClass - This is a Trace Message
2025-04-06 17:11:28 [TestNG-test=OrangeHRMTest-1] DEBUG BaseClass - This is a Debug Message
2025-04-06 17:11:28 [TestNG-test=OrangeHRMTest-1] WARN  BaseClass - This is a Warn Message
2025-04-06 17:11:28 [TestNG-test=OrangeHRMTest-1] INFO  ActionDriver - WebDriver instance is created
2025-04-06 17:11:28 [TestNG-test=OrangeHRMTest-1] INFO  BaseClass - ActionDrive initialized for current thread :20
2025-04-06 17:11:28 [TestNG-test=OrangeHRMTest-1] INFO  ActionDriver - Entered text :Admin
2025-04-06 17:11:28 [TestNG-test=OrangeHRMTest-1] INFO  ActionDriver - Entered text :admin123
2025-04-06 17:11:30 [TestNG-test=OrangeHRMTest-1] INFO  ActionDriver - Clicked an element
2025-04-06 17:11:30 [TestNG-test=OrangeHRMTest-1] INFO  ActionDriver - Clicked an element
2025-04-06 17:11:32 [TestNG-test=OrangeHRMTest-1] INFO  ActionDriver - Clicked an element
2025-04-06 17:11:39 [TestNG-test=OrangeHRMTest-1] INFO  BaseClass - ActionDriver instance is closed
2025-04-06 17:11:39 [TestNG-test=OrangeHRMTest-1] INFO  BaseClass - WebDriver instance is closed
2025-04-06 17:14:14 [main] INFO  BaseClass - config.properties file loaded
2025-04-06 17:14:16 [main] INFO  BaseClass - ChromeDriver initiated is created
2025-04-06 17:14:22 [main] INFO  BaseClass - WebDriver initialozed and browser maximized
2025-04-06 17:14:22 [main] TRACE BaseClass - This is a Trace Message
2025-04-06 17:14:22 [main] DEBUG BaseClass - This is a Debug Message
2025-04-06 17:14:22 [main] WARN  BaseClass - This is a Warn Message
2025-04-06 17:14:22 [main] INFO  ActionDriver - WebDriver instance is created
2025-04-06 17:14:22 [main] INFO  BaseClass - ActionDrive initialized for current thread :1
2025-04-06 17:14:22 [main] INFO  ActionDriver - Entered text :Holi
2025-04-06 17:14:22 [main] INFO  ActionDriver - Entered text :admin123
2025-04-06 17:14:23 [main] INFO  ActionDriver - Clicked an element
2025-04-06 17:14:23 [main] INFO  ActionDriver - Texts are matching : Invalid credentials equals Invalid credentials
2025-04-06 17:14:29 [main] INFO  BaseClass - ActionDriver instance is closed
2025-04-06 17:14:29 [main] INFO  BaseClass - WebDriver instance is closed
2025-04-06 17:18:41 [main] INFO  BaseClass - config.properties file loaded
2025-04-06 17:18:52 [main] INFO  BaseClass - config.properties file loaded
2025-04-06 17:18:54 [main] INFO  BaseClass - ChromeDriver initiated is created
2025-04-06 17:18:59 [main] INFO  BaseClass - WebDriver initialozed and browser maximized
2025-04-06 17:18:59 [main] TRACE BaseClass - This is a Trace Message
2025-04-06 17:18:59 [main] DEBUG BaseClass - This is a Debug Message
2025-04-06 17:18:59 [main] WARN  BaseClass - This is a Warn Message
2025-04-06 17:18:59 [main] INFO  ActionDriver - WebDriver instance is created
2025-04-06 17:18:59 [main] INFO  BaseClass - ActionDrive initialized for current thread :1
2025-04-06 17:18:59 [main] INFO  ActionDriver - Entered text :Admin
2025-04-06 17:19:00 [main] INFO  ActionDriver - Entered text :admin123
2025-04-06 17:19:00 [main] INFO  ActionDriver - Clicked an element
2025-04-06 17:19:02 [main] INFO  ActionDriver - Clicked an element
2025-04-06 17:19:04 [main] INFO  ActionDriver - Clicked an element
2025-04-06 17:19:09 [main] INFO  BaseClass - ActionDriver instance is closed
2025-04-06 17:19:09 [main] INFO  BaseClass - WebDriver instance is closed
2025-04-06 17:20:07 [main] INFO  BaseClass - config.properties file loaded
2025-04-06 17:20:09 [main] INFO  BaseClass - ChromeDriver initiated is created
2025-04-06 17:20:14 [main] INFO  BaseClass - WebDriver initialozed and browser maximized
2025-04-06 17:20:14 [main] TRACE BaseClass - This is a Trace Message
2025-04-06 17:20:14 [main] DEBUG BaseClass - This is a Debug Message
2025-04-06 17:20:14 [main] WARN  BaseClass - This is a Warn Message
2025-04-06 17:20:14 [main] INFO  ActionDriver - WebDriver instance is created
2025-04-06 17:20:14 [main] INFO  BaseClass - ActionDrive initialized for current thread :1
2025-04-06 17:20:14 [main] INFO  ActionDriver - Entered text :Holi
2025-04-06 17:20:14 [main] INFO  ActionDriver - Entered text :admin123
2025-04-06 17:20:15 [main] INFO  ActionDriver - Clicked an element
2025-04-06 17:20:16 [main] INFO  ActionDriver - Texts are matching : Invalid credentials equals Invalid credentials
2025-04-06 17:20:23 [main] INFO  BaseClass - ActionDriver instance is closed
2025-04-06 17:20:23 [main] INFO  BaseClass - WebDriver instance is closed
2025-04-06 17:22:59 [main] INFO  BaseClass - config.properties file loaded
2025-04-06 17:23:02 [TestNG-test=OrangeHRMTest-2] INFO  BaseClass - ChromeDriver initiated is created
2025-04-06 17:23:02 [TestNG-test=OrangeHRMTest-1] INFO  BaseClass - ChromeDriver initiated is created
2025-04-06 17:23:07 [TestNG-test=OrangeHRMTest-2] INFO  BaseClass - WebDriver initialozed and browser maximized
2025-04-06 17:23:07 [TestNG-test=OrangeHRMTest-2] TRACE BaseClass - This is a Trace Message
2025-04-06 17:23:07 [TestNG-test=OrangeHRMTest-2] DEBUG BaseClass - This is a Debug Message
2025-04-06 17:23:07 [TestNG-test=OrangeHRMTest-2] WARN  BaseClass - This is a Warn Message
2025-04-06 17:23:07 [TestNG-test=OrangeHRMTest-2] INFO  ActionDriver - WebDriver instance is created
2025-04-06 17:23:07 [TestNG-test=OrangeHRMTest-2] INFO  BaseClass - ActionDrive initialized for current thread :21
2025-04-06 17:23:07 [TestNG-test=OrangeHRMTest-2] INFO  ActionDriver - Entered text :Admin
2025-04-06 17:23:08 [TestNG-test=OrangeHRMTest-2] INFO  ActionDriver - Entered text :admin123
2025-04-06 17:23:08 [TestNG-test=OrangeHRMTest-1] INFO  BaseClass - WebDriver initialozed and browser maximized
2025-04-06 17:23:08 [TestNG-test=OrangeHRMTest-1] TRACE BaseClass - This is a Trace Message
2025-04-06 17:23:08 [TestNG-test=OrangeHRMTest-1] DEBUG BaseClass - This is a Debug Message
2025-04-06 17:23:08 [TestNG-test=OrangeHRMTest-1] WARN  BaseClass - This is a Warn Message
2025-04-06 17:23:08 [TestNG-test=OrangeHRMTest-1] INFO  ActionDriver - WebDriver instance is created
2025-04-06 17:23:08 [TestNG-test=OrangeHRMTest-1] INFO  BaseClass - ActionDrive initialized for current thread :20
2025-04-06 17:23:08 [TestNG-test=OrangeHRMTest-1] INFO  ActionDriver - Clicked an element
2025-04-06 17:23:08 [TestNG-test=OrangeHRMTest-1] INFO  ActionDriver - Entered text :Admin
2025-04-06 17:23:09 [TestNG-test=OrangeHRMTest-2] INFO  ActionDriver - Clicked an element
2025-04-06 17:23:09 [TestNG-test=OrangeHRMTest-1] INFO  ActionDriver - Clicked an element
2025-04-06 17:23:09 [TestNG-test=OrangeHRMTest-1] INFO  ActionDriver - Assert Passed
2025-04-06 17:23:10 [TestNG-test=OrangeHRMTest-2] INFO  ActionDriver - Clicked an element
2025-04-06 17:23:10 [TestNG-test=OrangeHRMTest-1] INFO  BaseClass - ActionDriver instance is closed
2025-04-06 17:23:10 [TestNG-test=OrangeHRMTest-1] INFO  BaseClass - WebDriver instance is closed
2025-04-06 17:23:11 [TestNG-test=OrangeHRMTest-1] INFO  BaseClass - ChromeDriver initiated is created
2025-04-06 17:23:11 [TestNG-test=OrangeHRMTest-2] INFO  ActionDriver - Clicked an element
2025-04-06 17:23:16 [TestNG-test=OrangeHRMTest-1] INFO  BaseClass - WebDriver initialozed and browser maximized
2025-04-06 17:23:16 [TestNG-test=OrangeHRMTest-1] TRACE BaseClass - This is a Trace Message
2025-04-06 17:23:16 [TestNG-test=OrangeHRMTest-1] DEBUG BaseClass - This is a Debug Message
2025-04-06 17:23:16 [TestNG-test=OrangeHRMTest-1] WARN  BaseClass - This is a Warn Message
2025-04-06 17:23:16 [TestNG-test=OrangeHRMTest-1] INFO  ActionDriver - WebDriver instance is created
2025-04-06 17:23:16 [TestNG-test=OrangeHRMTest-1] INFO  BaseClass - ActionDrive initialized for current thread :20
2025-04-06 17:23:16 [TestNG-test=OrangeHRMTest-2] INFO  BaseClass - ActionDriver instance is closed
2025-04-06 17:23:16 [TestNG-test=OrangeHRMTest-2] INFO  BaseClass - WebDriver instance is closed
2025-04-06 17:23:17 [TestNG-test=OrangeHRMTest-1] INFO  ActionDriver - Clicked an element
2025-04-06 17:23:17 [TestNG-test=OrangeHRMTest-1] INFO  ActionDriver - Entered text :Admin
2025-04-06 17:23:17 [TestNG-test=OrangeHRMTest-1] INFO  ActionDriver - Clicked an element
2025-04-06 17:23:19 [TestNG-test=OrangeHRMTest-1] INFO  BaseClass - ActionDriver instance is closed
2025-04-06 17:23:19 [TestNG-test=OrangeHRMTest-1] INFO  BaseClass - WebDriver instance is closed
2025-04-06 17:23:20 [TestNG-test=OrangeHRMTest-1] INFO  BaseClass - ChromeDriver initiated is created
2025-04-06 17:23:25 [TestNG-test=OrangeHRMTest-1] INFO  BaseClass - WebDriver initialozed and browser maximized
2025-04-06 17:23:25 [TestNG-test=OrangeHRMTest-1] TRACE BaseClass - This is a Trace Message
2025-04-06 17:23:25 [TestNG-test=OrangeHRMTest-1] DEBUG BaseClass - This is a Debug Message
2025-04-06 17:23:25 [TestNG-test=OrangeHRMTest-1] WARN  BaseClass - This is a Warn Message
2025-04-06 17:23:25 [TestNG-test=OrangeHRMTest-1] INFO  ActionDriver - WebDriver instance is created
2025-04-06 17:23:25 [TestNG-test=OrangeHRMTest-1] INFO  BaseClass - ActionDrive initialized for current thread :20
2025-04-06 17:23:25 [TestNG-test=OrangeHRMTest-1] INFO  ActionDriver - Entered text :Holi
2025-04-06 17:23:25 [TestNG-test=OrangeHRMTest-1] INFO  ActionDriver - Entered text :admin123
2025-04-06 17:23:26 [TestNG-test=OrangeHRMTest-1] INFO  ActionDriver - Clicked an element
2025-04-06 17:23:26 [TestNG-test=OrangeHRMTest-1] INFO  ActionDriver - Texts are matching : Invalid credentials equals Invalid credentials
2025-04-06 17:23:32 [TestNG-test=OrangeHRMTest-1] INFO  BaseClass - ActionDriver instance is closed
2025-04-06 17:23:32 [TestNG-test=OrangeHRMTest-1] INFO  BaseClass - WebDriver instance is closed
2025-04-06 17:23:33 [TestNG-test=OrangeHRMTest-1] INFO  BaseClass - ChromeDriver initiated is created
2025-04-06 17:23:38 [TestNG-test=OrangeHRMTest-1] INFO  BaseClass - WebDriver initialozed and browser maximized
2025-04-06 17:23:38 [TestNG-test=OrangeHRMTest-1] TRACE BaseClass - This is a Trace Message
2025-04-06 17:23:38 [TestNG-test=OrangeHRMTest-1] DEBUG BaseClass - This is a Debug Message
2025-04-06 17:23:38 [TestNG-test=OrangeHRMTest-1] WARN  BaseClass - This is a Warn Message
2025-04-06 17:23:38 [TestNG-test=OrangeHRMTest-1] INFO  ActionDriver - WebDriver instance is created
2025-04-06 17:23:38 [TestNG-test=OrangeHRMTest-1] INFO  BaseClass - ActionDrive initialized for current thread :20
2025-04-06 17:23:39 [TestNG-test=OrangeHRMTest-1] INFO  ActionDriver - Entered text :Admin
2025-04-06 17:23:39 [TestNG-test=OrangeHRMTest-1] INFO  ActionDriver - Entered text :admin123
2025-04-06 17:23:40 [TestNG-test=OrangeHRMTest-1] INFO  ActionDriver - Clicked an element
2025-04-06 17:23:41 [TestNG-test=OrangeHRMTest-1] INFO  ActionDriver - Clicked an element
2025-04-06 17:23:42 [TestNG-test=OrangeHRMTest-1] INFO  ActionDriver - Clicked an element
2025-04-06 17:23:48 [TestNG-test=OrangeHRMTest-1] INFO  BaseClass - ActionDriver instance is closed
2025-04-06 17:23:48 [TestNG-test=OrangeHRMTest-1] INFO  BaseClass - WebDriver instance is closed
2025-04-26 20:50:08 [main] INFO  BaseClass - config.properties file loaded
2025-04-26 20:50:14 [main] INFO  BaseClass - ChromeDriver initiated is created
2025-04-26 20:50:20 [main] INFO  BaseClass - WebDriver initialozed and browser maximized
2025-04-26 20:50:20 [main] TRACE BaseClass - This is a Trace Message
2025-04-26 20:50:20 [main] DEBUG BaseClass - This is a Debug Message
2025-04-26 20:50:20 [main] WARN  BaseClass - This is a Warn Message
2025-04-26 20:50:20 [main] INFO  ActionDriver - WebDriver instance is created
2025-04-26 20:50:20 [main] INFO  BaseClass - ActionDrive initialized for current thread :1
2025-04-26 20:50:21 [main] INFO  ActionDriver - Clicked an element
2025-04-26 20:50:21 [main] INFO  ActionDriver - Entered text :Admin
2025-04-26 20:50:21 [main] INFO  ActionDriver - Clicked an element
2025-04-26 20:50:21 [main] INFO  ActionDriver - Assert Passed
2025-04-26 20:50:22 [main] INFO  BaseClass - ActionDriver instance is closed
2025-04-26 20:50:22 [main] INFO  BaseClass - WebDriver instance is closed
2025-04-26 20:50:23 [main] INFO  BaseClass - ChromeDriver initiated is created
2025-04-26 20:50:28 [main] INFO  BaseClass - WebDriver initialozed and browser maximized
2025-04-26 20:50:28 [main] TRACE BaseClass - This is a Trace Message
2025-04-26 20:50:28 [main] DEBUG BaseClass - This is a Debug Message
2025-04-26 20:50:28 [main] WARN  BaseClass - This is a Warn Message
2025-04-26 20:50:28 [main] INFO  ActionDriver - WebDriver instance is created
2025-04-26 20:50:28 [main] INFO  BaseClass - ActionDrive initialized for current thread :1
2025-04-26 20:50:29 [main] INFO  ActionDriver - Clicked an element
2025-04-26 20:50:29 [main] INFO  ActionDriver - Entered text :Admin
2025-04-26 20:50:29 [main] INFO  ActionDriver - Clicked an element
2025-04-26 20:50:30 [main] INFO  BaseClass - ActionDriver instance is closed
2025-04-26 20:50:30 [main] INFO  BaseClass - WebDriver instance is closed
2025-04-26 20:50:32 [main] INFO  BaseClass - ChromeDriver initiated is created
2025-04-26 20:50:37 [main] INFO  BaseClass - WebDriver initialozed and browser maximized
2025-04-26 20:50:37 [main] TRACE BaseClass - This is a Trace Message
2025-04-26 20:50:37 [main] DEBUG BaseClass - This is a Debug Message
2025-04-26 20:50:37 [main] WARN  BaseClass - This is a Warn Message
2025-04-26 20:50:37 [main] INFO  ActionDriver - WebDriver instance is created
2025-04-26 20:50:37 [main] INFO  BaseClass - ActionDrive initialized for current thread :1
2025-04-26 20:50:37 [main] INFO  ActionDriver - Entered text :Holi
2025-04-26 20:50:37 [main] INFO  ActionDriver - Entered text :admin123
2025-04-26 20:50:38 [main] INFO  ActionDriver - Clicked an element
2025-04-26 20:50:38 [main] INFO  ActionDriver - Texts are matching : Invalid credentials equals Invalid credentials
2025-04-26 20:50:44 [main] INFO  BaseClass - ActionDriver instance is closed
2025-04-26 20:50:44 [main] INFO  BaseClass - WebDriver instance is closed
2025-04-26 20:50:45 [main] INFO  BaseClass - ChromeDriver initiated is created
2025-04-26 20:50:50 [main] INFO  BaseClass - WebDriver initialozed and browser maximized
2025-04-26 20:50:50 [main] TRACE BaseClass - This is a Trace Message
2025-04-26 20:50:50 [main] DEBUG BaseClass - This is a Debug Message
2025-04-26 20:50:50 [main] WARN  BaseClass - This is a Warn Message
2025-04-26 20:50:50 [main] INFO  ActionDriver - WebDriver instance is created
2025-04-26 20:50:50 [main] INFO  BaseClass - ActionDrive initialized for current thread :1
2025-04-26 20:50:50 [main] INFO  ActionDriver - Entered text :Admin
2025-04-26 20:50:50 [main] INFO  ActionDriver - Entered text :admin123
2025-04-26 20:50:50 [main] INFO  ActionDriver - Clicked an element
2025-04-26 20:50:52 [main] INFO  ActionDriver - Clicked an element
2025-04-26 20:50:54 [main] INFO  ActionDriver - Clicked an element
2025-04-26 20:50:59 [main] INFO  BaseClass - ActionDriver instance is closed
2025-04-26 20:50:59 [main] INFO  BaseClass - WebDriver instance is closed
2025-04-26 23:42:10 [main] INFO  BaseClass - config.properties file loaded
2025-04-26 23:42:14 [main] INFO  BaseClass - ChromeDriver initiated is created
2025-04-26 23:42:20 [main] INFO  BaseClass - WebDriver initialozed and browser maximized
2025-04-26 23:42:20 [main] TRACE BaseClass - This is a Trace Message
2025-04-26 23:42:20 [main] DEBUG BaseClass - This is a Debug Message
2025-04-26 23:42:20 [main] WARN  BaseClass - This is a Warn Message
2025-04-26 23:42:20 [main] INFO  ActionDriver - WebDriver instance is created
2025-04-26 23:42:20 [main] INFO  BaseClass - ActionDrive initialized for current thread :1
2025-04-26 23:42:20 [main] INFO  ActionDriver - Clicked an element
2025-04-26 23:42:20 [main] INFO  ActionDriver - Entered text :Admin
2025-04-26 23:42:21 [main] INFO  ActionDriver - Clicked an element
2025-04-26 23:42:21 [main] INFO  ActionDriver - Assert Passed
2025-04-26 23:42:21 [main] INFO  BaseClass - ActionDriver instance is closed
2025-04-26 23:42:21 [main] INFO  BaseClass - WebDriver instance is closed
2025-04-26 23:42:23 [main] INFO  BaseClass - ChromeDriver initiated is created
2025-04-26 23:42:28 [main] INFO  BaseClass - WebDriver initialozed and browser maximized
2025-04-26 23:42:28 [main] TRACE BaseClass - This is a Trace Message
2025-04-26 23:42:28 [main] DEBUG BaseClass - This is a Debug Message
2025-04-26 23:42:28 [main] WARN  BaseClass - This is a Warn Message
2025-04-26 23:42:28 [main] INFO  ActionDriver - WebDriver instance is created
2025-04-26 23:42:28 [main] INFO  BaseClass - ActionDrive initialized for current thread :1
2025-04-26 23:42:29 [main] INFO  ActionDriver - Clicked an element
2025-04-26 23:42:29 [main] INFO  ActionDriver - Entered text :Admin
2025-04-26 23:42:29 [main] INFO  ActionDriver - Clicked an element
2025-04-26 23:42:31 [main] INFO  BaseClass - ActionDriver instance is closed
2025-04-26 23:42:31 [main] INFO  BaseClass - WebDriver instance is closed
2025-04-26 23:42:32 [main] INFO  BaseClass - ChromeDriver initiated is created
2025-04-26 23:42:37 [main] INFO  BaseClass - WebDriver initialozed and browser maximized
2025-04-26 23:42:37 [main] TRACE BaseClass - This is a Trace Message
2025-04-26 23:42:37 [main] DEBUG BaseClass - This is a Debug Message
2025-04-26 23:42:37 [main] WARN  BaseClass - This is a Warn Message
2025-04-26 23:42:37 [main] INFO  ActionDriver - WebDriver instance is created
2025-04-26 23:42:37 [main] INFO  BaseClass - ActionDrive initialized for current thread :1
2025-04-26 23:42:37 [main] INFO  ActionDriver - Entered text :Holi
2025-04-26 23:42:37 [main] INFO  ActionDriver - Entered text :admin123
2025-04-26 23:42:38 [main] INFO  ActionDriver - Clicked an element
2025-04-26 23:42:39 [main] INFO  ActionDriver - Texts are matching : Invalid credentials equals Invalid credentials
2025-04-26 23:42:44 [main] INFO  BaseClass - ActionDriver instance is closed
2025-04-26 23:42:44 [main] INFO  BaseClass - WebDriver instance is closed
2025-04-26 23:42:45 [main] INFO  BaseClass - ChromeDriver initiated is created
2025-04-26 23:42:51 [main] INFO  BaseClass - WebDriver initialozed and browser maximized
2025-04-26 23:42:51 [main] TRACE BaseClass - This is a Trace Message
2025-04-26 23:42:51 [main] DEBUG BaseClass - This is a Debug Message
2025-04-26 23:42:51 [main] WARN  BaseClass - This is a Warn Message
2025-04-26 23:42:51 [main] INFO  ActionDriver - WebDriver instance is created
2025-04-26 23:42:51 [main] INFO  BaseClass - ActionDrive initialized for current thread :1
2025-04-26 23:42:51 [main] INFO  ActionDriver - Entered text :Admin
2025-04-26 23:42:51 [main] INFO  ActionDriver - Entered text :admin123
2025-04-26 23:42:52 [main] INFO  ActionDriver - Clicked an element
2025-04-26 23:42:53 [main] INFO  ActionDriver - Clicked an element
2025-04-26 23:42:55 [main] INFO  ActionDriver - Clicked an element
2025-04-26 23:43:00 [main] INFO  BaseClass - ActionDriver instance is closed
2025-04-26 23:43:00 [main] INFO  BaseClass - WebDriver instance is closed
2025-04-26 23:49:21 [main] INFO  BaseClass - config.properties file loaded
2025-04-26 23:49:24 [main] INFO  BaseClass - ChromeDriver initiated is created
2025-04-26 23:49:30 [main] INFO  BaseClass - WebDriver initialozed and browser maximized
2025-04-26 23:49:30 [main] TRACE BaseClass - This is a Trace Message
2025-04-26 23:49:30 [main] DEBUG BaseClass - This is a Debug Message
2025-04-26 23:49:30 [main] WARN  BaseClass - This is a Warn Message
2025-04-26 23:49:30 [main] INFO  ActionDriver - WebDriver instance is created
2025-04-26 23:49:30 [main] INFO  BaseClass - ActionDrive initialized for current thread :1
2025-04-26 23:49:30 [main] INFO  ActionDriver - Clicked an element
2025-04-26 23:49:30 [main] INFO  ActionDriver - Entered text :Admin
2025-04-26 23:49:31 [main] INFO  ActionDriver - Clicked an element
2025-04-26 23:49:31 [main] INFO  ActionDriver - Assert Passed
2025-04-26 23:49:32 [main] INFO  BaseClass - ActionDriver instance is closed
2025-04-26 23:49:32 [main] INFO  BaseClass - WebDriver instance is closed
2025-04-26 23:49:33 [main] INFO  BaseClass - ChromeDriver initiated is created
2025-04-26 23:49:39 [main] INFO  BaseClass - WebDriver initialozed and browser maximized
2025-04-26 23:49:39 [main] TRACE BaseClass - This is a Trace Message
2025-04-26 23:49:39 [main] DEBUG BaseClass - This is a Debug Message
2025-04-26 23:49:39 [main] WARN  BaseClass - This is a Warn Message
2025-04-26 23:49:39 [main] INFO  ActionDriver - WebDriver instance is created
2025-04-26 23:49:39 [main] INFO  BaseClass - ActionDrive initialized for current thread :1
2025-04-26 23:49:40 [main] INFO  ActionDriver - Clicked an element
2025-04-26 23:49:40 [main] INFO  ActionDriver - Entered text :Admin
2025-04-26 23:49:40 [main] INFO  ActionDriver - Clicked an element
2025-04-26 23:49:41 [main] INFO  BaseClass - ActionDriver instance is closed
2025-04-26 23:49:41 [main] INFO  BaseClass - WebDriver instance is closed
2025-04-26 23:49:43 [main] INFO  BaseClass - ChromeDriver initiated is created
2025-04-26 23:49:48 [main] INFO  BaseClass - WebDriver initialozed and browser maximized
2025-04-26 23:49:48 [main] TRACE BaseClass - This is a Trace Message
2025-04-26 23:49:48 [main] DEBUG BaseClass - This is a Debug Message
2025-04-26 23:49:48 [main] WARN  BaseClass - This is a Warn Message
2025-04-26 23:49:48 [main] INFO  ActionDriver - WebDriver instance is created
2025-04-26 23:49:48 [main] INFO  BaseClass - ActionDrive initialized for current thread :1
2025-04-26 23:49:48 [main] INFO  ActionDriver - Entered text :Holi
2025-04-26 23:49:48 [main] INFO  ActionDriver - Entered text :admin123
2025-04-26 23:49:49 [main] INFO  ActionDriver - Clicked an element
2025-04-26 23:49:49 [main] INFO  ActionDriver - Texts are matching : Invalid credentials equals Invalid credentials
2025-04-26 23:49:55 [main] INFO  BaseClass - ActionDriver instance is closed
2025-04-26 23:49:55 [main] INFO  BaseClass - WebDriver instance is closed
2025-04-26 23:49:56 [main] INFO  BaseClass - ChromeDriver initiated is created
2025-04-26 23:50:01 [main] INFO  BaseClass - WebDriver initialozed and browser maximized
2025-04-26 23:50:01 [main] TRACE BaseClass - This is a Trace Message
2025-04-26 23:50:01 [main] DEBUG BaseClass - This is a Debug Message
2025-04-26 23:50:01 [main] WARN  BaseClass - This is a Warn Message
2025-04-26 23:50:01 [main] INFO  ActionDriver - WebDriver instance is created
2025-04-26 23:50:01 [main] INFO  BaseClass - ActionDrive initialized for current thread :1
2025-04-26 23:50:01 [main] INFO  ActionDriver - Entered text :Admin
2025-04-26 23:50:01 [main] INFO  ActionDriver - Entered text :admin123
2025-04-26 23:50:01 [main] INFO  ActionDriver - Clicked an element
2025-04-26 23:50:03 [main] INFO  ActionDriver - Clicked an element
2025-04-26 23:50:06 [main] INFO  ActionDriver - Clicked an element
2025-04-26 23:50:11 [main] INFO  BaseClass - ActionDriver instance is closed
2025-04-26 23:50:11 [main] INFO  BaseClass - WebDriver instance is closed
2025-05-25 15:32:01 [main] INFO  BaseClass - config.properties file loaded
2025-05-25 15:32:06 [TestNG-test=OrangeHRMTest-2] INFO  BaseClass - ChromeDriver initiated is created
2025-05-25 15:32:06 [TestNG-test=OrangeHRMTest-1] INFO  BaseClass - ChromeDriver initiated is created
2025-05-25 15:32:13 [TestNG-test=OrangeHRMTest-1] INFO  BaseClass - WebDriver initialozed and browser maximized
2025-05-25 15:32:13 [TestNG-test=OrangeHRMTest-1] TRACE BaseClass - This is a Trace Message
2025-05-25 15:32:13 [TestNG-test=OrangeHRMTest-1] DEBUG BaseClass - This is a Debug Message
2025-05-25 15:32:13 [TestNG-test=OrangeHRMTest-1] WARN  BaseClass - This is a Warn Message
2025-05-25 15:32:13 [TestNG-test=OrangeHRMTest-1] INFO  ActionDriver - WebDriver instance is created
2025-05-25 15:32:13 [TestNG-test=OrangeHRMTest-1] INFO  BaseClass - ActionDrive initialized for current thread :20
2025-05-25 15:32:13 [TestNG-test=OrangeHRMTest-2] INFO  BaseClass - WebDriver initialozed and browser maximized
2025-05-25 15:32:13 [TestNG-test=OrangeHRMTest-2] TRACE BaseClass - This is a Trace Message
2025-05-25 15:32:13 [TestNG-test=OrangeHRMTest-2] DEBUG BaseClass - This is a Debug Message
2025-05-25 15:32:13 [TestNG-test=OrangeHRMTest-2] WARN  BaseClass - This is a Warn Message
2025-05-25 15:32:13 [TestNG-test=OrangeHRMTest-2] INFO  ActionDriver - WebDriver instance is created
2025-05-25 15:32:13 [TestNG-test=OrangeHRMTest-2] INFO  BaseClass - ActionDrive initialized for current thread :21
2025-05-25 15:32:13 [TestNG-test=OrangeHRMTest-2] INFO  ActionDriver - Entered text :Admin
2025-05-25 15:32:13 [TestNG-test=OrangeHRMTest-2] INFO  ActionDriver - Entered text :admin123
2025-05-25 15:32:14 [TestNG-test=OrangeHRMTest-2] INFO  ActionDriver - Clicked an element
2025-05-25 15:32:14 [TestNG-test=OrangeHRMTest-1] INFO  ActionDriver - Clicked an element
2025-05-25 15:32:14 [TestNG-test=OrangeHRMTest-1] INFO  ActionDriver - Entered text :Admin
2025-05-25 15:32:18 [TestNG-test=OrangeHRMTest-1] INFO  ActionDriver - Clicked an element
2025-05-25 15:32:18 [TestNG-test=OrangeHRMTest-1] INFO  ActionDriver - Assert Passed
2025-05-25 15:32:18 [TestNG-test=OrangeHRMTest-1] INFO  BaseClass - ActionDriver instance is closed
2025-05-25 15:32:18 [TestNG-test=OrangeHRMTest-1] INFO  BaseClass - WebDriver instance is closed
2025-05-25 15:32:20 [TestNG-test=OrangeHRMTest-1] INFO  BaseClass - ChromeDriver initiated is created
2025-05-25 15:32:21 [TestNG-test=OrangeHRMTest-2] INFO  ActionDriver - Clicked an element
2025-05-25 15:32:25 [TestNG-test=OrangeHRMTest-2] INFO  ActionDriver - Clicked an element
2025-05-25 15:32:26 [TestNG-test=OrangeHRMTest-1] INFO  BaseClass - WebDriver initialozed and browser maximized
2025-05-25 15:32:26 [TestNG-test=OrangeHRMTest-1] TRACE BaseClass - This is a Trace Message
2025-05-25 15:32:26 [TestNG-test=OrangeHRMTest-1] DEBUG BaseClass - This is a Debug Message
2025-05-25 15:32:26 [TestNG-test=OrangeHRMTest-1] WARN  BaseClass - This is a Warn Message
2025-05-25 15:32:26 [TestNG-test=OrangeHRMTest-1] INFO  ActionDriver - WebDriver instance is created
2025-05-25 15:32:26 [TestNG-test=OrangeHRMTest-1] INFO  BaseClass - ActionDrive initialized for current thread :20
2025-05-25 15:32:29 [TestNG-test=OrangeHRMTest-1] INFO  ActionDriver - Clicked an element
2025-05-25 15:32:29 [TestNG-test=OrangeHRMTest-1] INFO  ActionDriver - Entered text :Admin
2025-05-25 15:32:30 [TestNG-test=OrangeHRMTest-2] INFO  BaseClass - ActionDriver instance is closed
2025-05-25 15:32:30 [TestNG-test=OrangeHRMTest-2] INFO  BaseClass - WebDriver instance is closed
2025-05-25 15:32:33 [TestNG-test=OrangeHRMTest-1] INFO  ActionDriver - Clicked an element
2025-05-25 15:32:34 [TestNG-test=OrangeHRMTest-1] INFO  BaseClass - ActionDriver instance is closed
2025-05-25 15:32:34 [TestNG-test=OrangeHRMTest-1] INFO  BaseClass - WebDriver instance is closed
2025-05-25 15:32:35 [TestNG-test=OrangeHRMTest-1] INFO  BaseClass - ChromeDriver initiated is created
2025-05-25 15:32:43 [TestNG-test=OrangeHRMTest-1] INFO  BaseClass - WebDriver initialozed and browser maximized
2025-05-25 15:32:43 [TestNG-test=OrangeHRMTest-1] TRACE BaseClass - This is a Trace Message
2025-05-25 15:32:43 [TestNG-test=OrangeHRMTest-1] DEBUG BaseClass - This is a Debug Message
2025-05-25 15:32:43 [TestNG-test=OrangeHRMTest-1] WARN  BaseClass - This is a Warn Message
2025-05-25 15:32:43 [TestNG-test=OrangeHRMTest-1] INFO  ActionDriver - WebDriver instance is created
2025-05-25 15:32:43 [TestNG-test=OrangeHRMTest-1] INFO  BaseClass - ActionDrive initialized for current thread :20
2025-05-25 15:32:43 [TestNG-test=OrangeHRMTest-1] INFO  ActionDriver - Entered text :Holi
2025-05-25 15:32:43 [TestNG-test=OrangeHRMTest-1] INFO  ActionDriver - Entered text :admin123
2025-05-25 15:32:44 [TestNG-test=OrangeHRMTest-1] INFO  ActionDriver - Clicked an element
2025-05-25 15:32:45 [TestNG-test=OrangeHRMTest-1] INFO  ActionDriver - Texts are matching : Invalid credentials equals Invalid credentials
2025-05-25 15:32:50 [TestNG-test=OrangeHRMTest-1] INFO  BaseClass - ActionDriver instance is closed
2025-05-25 15:32:50 [TestNG-test=OrangeHRMTest-1] INFO  BaseClass - WebDriver instance is closed
2025-05-25 15:32:52 [TestNG-test=OrangeHRMTest-1] INFO  BaseClass - ChromeDriver initiated is created
2025-05-25 15:32:57 [TestNG-test=OrangeHRMTest-1] INFO  BaseClass - WebDriver initialozed and browser maximized
2025-05-25 15:32:57 [TestNG-test=OrangeHRMTest-1] TRACE BaseClass - This is a Trace Message
2025-05-25 15:32:57 [TestNG-test=OrangeHRMTest-1] DEBUG BaseClass - This is a Debug Message
2025-05-25 15:32:57 [TestNG-test=OrangeHRMTest-1] WARN  BaseClass - This is a Warn Message
2025-05-25 15:32:57 [TestNG-test=OrangeHRMTest-1] INFO  ActionDriver - WebDriver instance is created
2025-05-25 15:32:57 [TestNG-test=OrangeHRMTest-1] INFO  BaseClass - ActionDrive initialized for current thread :20
2025-05-25 15:32:57 [TestNG-test=OrangeHRMTest-1] INFO  ActionDriver - Entered text :Admin
2025-05-25 15:32:57 [TestNG-test=OrangeHRMTest-1] INFO  ActionDriver - Entered text :admin123
2025-05-25 15:32:57 [TestNG-test=OrangeHRMTest-1] INFO  ActionDriver - Clicked an element
2025-05-25 15:33:00 [TestNG-test=OrangeHRMTest-1] INFO  ActionDriver - Clicked an element
2025-05-25 15:33:03 [TestNG-test=OrangeHRMTest-1] INFO  ActionDriver - Clicked an element
2025-05-25 15:33:08 [TestNG-test=OrangeHRMTest-1] INFO  BaseClass - ActionDriver instance is closed
2025-05-25 15:33:08 [TestNG-test=OrangeHRMTest-1] INFO  BaseClass - WebDriver instance is closed
2025-05-25 17:24:09 [main] INFO  BaseClass - config.properties file loaded
2025-05-25 17:24:11 [main] INFO  BaseClass - ChromeDriver initiated is created
2025-05-25 17:24:18 [main] INFO  BaseClass - WebDriver initialozed and browser maximized
2025-05-25 17:24:18 [main] TRACE BaseClass - This is a Trace Message
2025-05-25 17:24:18 [main] DEBUG BaseClass - This is a Debug Message
2025-05-25 17:24:18 [main] WARN  BaseClass - This is a Warn Message
2025-05-25 17:24:18 [main] INFO  ActionDriver - WebDriver instance is created
2025-05-25 17:24:18 [main] INFO  BaseClass - ActionDrive initialized for current thread :1
2025-05-25 17:24:19 [main] INFO  ActionDriver - Entered text :Admin
2025-05-25 17:24:19 [main] INFO  ActionDriver - Entered text :admin123
2025-05-25 17:24:19 [main] INFO  ActionDriver - Clicked an element
2025-05-25 17:24:21 [main] INFO  ActionDriver - Clicked an element
2025-05-25 17:24:23 [main] INFO  ActionDriver - Clicked an element
2025-05-25 17:24:28 [main] INFO  BaseClass - ActionDriver instance is closed
2025-05-25 17:24:28 [main] INFO  BaseClass - WebDriver instance is closed
2025-05-25 17:24:29 [main] INFO  BaseClass - ChromeDriver initiated is created
2025-05-25 17:24:35 [main] INFO  BaseClass - WebDriver initialozed and browser maximized
2025-05-25 17:24:35 [main] TRACE BaseClass - This is a Trace Message
2025-05-25 17:24:35 [main] DEBUG BaseClass - This is a Debug Message
2025-05-25 17:24:35 [main] WARN  BaseClass - This is a Warn Message
2025-05-25 17:24:35 [main] INFO  ActionDriver - WebDriver instance is created
2025-05-25 17:24:35 [main] INFO  BaseClass - ActionDrive initialized for current thread :1
2025-05-25 17:24:35 [main] INFO  ActionDriver - Clicked an element
2025-05-25 17:24:35 [main] INFO  ActionDriver - Entered text :Admin
2025-05-25 17:24:36 [main] INFO  ActionDriver - Clicked an element
2025-05-25 17:24:36 [main] INFO  ActionDriver - Assert Passed
2025-05-25 17:24:37 [main] INFO  BaseClass - ActionDriver instance is closed
2025-05-25 17:24:37 [main] INFO  BaseClass - WebDriver instance is closed
2025-05-25 17:24:38 [main] INFO  BaseClass - ChromeDriver initiated is created
2025-05-25 17:24:43 [main] INFO  BaseClass - WebDriver initialozed and browser maximized
2025-05-25 17:24:43 [main] TRACE BaseClass - This is a Trace Message
2025-05-25 17:24:43 [main] DEBUG BaseClass - This is a Debug Message
2025-05-25 17:24:43 [main] WARN  BaseClass - This is a Warn Message
2025-05-25 17:24:43 [main] INFO  ActionDriver - WebDriver instance is created
2025-05-25 17:24:43 [main] INFO  BaseClass - ActionDrive initialized for current thread :1
2025-05-25 17:24:43 [main] INFO  ActionDriver - Clicked an element
2025-05-25 17:24:43 [main] INFO  ActionDriver - Entered text :Admin
2025-05-25 17:24:44 [main] INFO  ActionDriver - Clicked an element
2025-05-25 17:24:45 [main] INFO  BaseClass - ActionDriver instance is closed
2025-05-25 17:24:45 [main] INFO  BaseClass - WebDriver instance is closed
2025-05-25 17:24:47 [main] INFO  BaseClass - ChromeDriver initiated is created
2025-05-25 17:24:52 [main] INFO  BaseClass - WebDriver initialozed and browser maximized
2025-05-25 17:24:52 [main] TRACE BaseClass - This is a Trace Message
2025-05-25 17:24:52 [main] DEBUG BaseClass - This is a Debug Message
2025-05-25 17:24:52 [main] WARN  BaseClass - This is a Warn Message
2025-05-25 17:24:52 [main] INFO  ActionDriver - WebDriver instance is created
2025-05-25 17:24:52 [main] INFO  BaseClass - ActionDrive initialized for current thread :1
2025-05-25 17:24:52 [main] INFO  ActionDriver - Entered text :Holi
2025-05-25 17:24:52 [main] INFO  ActionDriver - Entered text :admin123
2025-05-25 17:24:52 [main] INFO  ActionDriver - Clicked an element
2025-05-25 17:24:53 [main] INFO  ActionDriver - Texts are matching : Invalid credentials equals Invalid credentials
2025-05-25 17:24:59 [main] INFO  BaseClass - ActionDriver instance is closed
2025-05-25 17:24:59 [main] INFO  BaseClass - WebDriver instance is closed
2025-05-25 17:25:00 [main] INFO  BaseClass - ChromeDriver initiated is created
2025-05-25 17:25:05 [main] INFO  BaseClass - WebDriver initialozed and browser maximized
2025-05-25 17:25:05 [main] TRACE BaseClass - This is a Trace Message
2025-05-25 17:25:05 [main] DEBUG BaseClass - This is a Debug Message
2025-05-25 17:25:05 [main] WARN  BaseClass - This is a Warn Message
2025-05-25 17:25:05 [main] INFO  ActionDriver - WebDriver instance is created
2025-05-25 17:25:05 [main] INFO  BaseClass - ActionDrive initialized for current thread :1
2025-05-25 17:25:05 [main] INFO  ActionDriver - Entered text :Admin
2025-05-25 17:25:05 [main] INFO  ActionDriver - Entered text :admin123
2025-05-25 17:25:05 [main] INFO  ActionDriver - Clicked an element
2025-05-25 17:25:07 [main] INFO  ActionDriver - Clicked an element
2025-05-25 17:25:09 [main] INFO  ActionDriver - Clicked an element
2025-05-25 17:25:14 [main] INFO  BaseClass - ActionDriver instance is closed
2025-05-25 17:25:14 [main] INFO  BaseClass - WebDriver instance is closed
2025-05-25 17:26:31 [main] INFO  BaseClass - config.properties file loaded
2025-05-25 17:26:32 [main] INFO  BaseClass - ChromeDriver initiated is created
2025-05-25 17:26:39 [main] INFO  BaseClass - WebDriver initialozed and browser maximized
2025-05-25 17:26:39 [main] TRACE BaseClass - This is a Trace Message
2025-05-25 17:26:39 [main] DEBUG BaseClass - This is a Debug Message
2025-05-25 17:26:39 [main] WARN  BaseClass - This is a Warn Message
2025-05-25 17:26:39 [main] INFO  ActionDriver - WebDriver instance is created
2025-05-25 17:26:39 [main] INFO  BaseClass - ActionDrive initialized for current thread :1
2025-05-25 17:26:39 [main] INFO  ActionDriver - Entered text :Admin
2025-05-25 17:26:39 [main] INFO  ActionDriver - Entered text :admin123
2025-05-25 17:26:41 [main] INFO  ActionDriver - Clicked an element
2025-05-25 17:26:41 [main] INFO  ActionDriver - Clicked an element
2025-05-25 17:26:44 [main] INFO  ActionDriver - Clicked an element
2025-05-25 17:26:49 [main] INFO  BaseClass - ActionDriver instance is closed
2025-05-25 17:26:49 [main] INFO  BaseClass - WebDriver instance is closed
2025-05-25 17:26:50 [main] INFO  BaseClass - ChromeDriver initiated is created
2025-05-25 17:26:57 [main] INFO  BaseClass - WebDriver initialozed and browser maximized
2025-05-25 17:26:57 [main] TRACE BaseClass - This is a Trace Message
2025-05-25 17:26:57 [main] DEBUG BaseClass - This is a Debug Message
2025-05-25 17:26:57 [main] WARN  BaseClass - This is a Warn Message
2025-05-25 17:26:57 [main] INFO  ActionDriver - WebDriver instance is created
2025-05-25 17:26:57 [main] INFO  BaseClass - ActionDrive initialized for current thread :1
2025-05-25 17:26:57 [main] INFO  ActionDriver - Clicked an element
2025-05-25 17:26:57 [main] INFO  ActionDriver - Entered text :Admin
2025-05-25 17:26:58 [main] INFO  ActionDriver - Clicked an element
2025-05-25 17:26:58 [main] INFO  ActionDriver - Assert Passed
2025-05-25 17:26:58 [main] INFO  BaseClass - ActionDriver instance is closed
2025-05-25 17:26:58 [main] INFO  BaseClass - WebDriver instance is closed
2025-05-25 17:26:59 [main] INFO  BaseClass - ChromeDriver initiated is created
2025-05-25 17:27:05 [main] INFO  BaseClass - WebDriver initialozed and browser maximized
2025-05-25 17:27:05 [main] TRACE BaseClass - This is a Trace Message
2025-05-25 17:27:05 [main] DEBUG BaseClass - This is a Debug Message
2025-05-25 17:27:05 [main] WARN  BaseClass - This is a Warn Message
2025-05-25 17:27:05 [main] INFO  ActionDriver - WebDriver instance is created
2025-05-25 17:27:05 [main] INFO  BaseClass - ActionDrive initialized for current thread :1
2025-05-25 17:27:05 [main] INFO  ActionDriver - Clicked an element
2025-05-25 17:27:05 [main] INFO  ActionDriver - Entered text :Admin
2025-05-25 17:27:06 [main] INFO  ActionDriver - Clicked an element
2025-05-25 17:27:07 [main] INFO  BaseClass - ActionDriver instance is closed
2025-05-25 17:27:07 [main] INFO  BaseClass - WebDriver instance is closed
2025-05-25 17:27:08 [main] INFO  BaseClass - ChromeDriver initiated is created
2025-05-25 17:27:13 [main] INFO  BaseClass - WebDriver initialozed and browser maximized
2025-05-25 17:27:13 [main] TRACE BaseClass - This is a Trace Message
2025-05-25 17:27:13 [main] DEBUG BaseClass - This is a Debug Message
2025-05-25 17:27:13 [main] WARN  BaseClass - This is a Warn Message
2025-05-25 17:27:13 [main] INFO  ActionDriver - WebDriver instance is created
2025-05-25 17:27:13 [main] INFO  BaseClass - ActionDrive initialized for current thread :1
2025-05-25 17:27:13 [main] INFO  ActionDriver - Entered text :Holi
2025-05-25 17:27:13 [main] INFO  ActionDriver - Entered text :admin123
2025-05-25 17:27:15 [main] INFO  ActionDriver - Clicked an element
2025-05-25 17:27:15 [main] INFO  ActionDriver - Texts are matching : Invalid credentials equals Invalid credentials
2025-05-25 17:27:21 [main] INFO  BaseClass - ActionDriver instance is closed
2025-05-25 17:27:21 [main] INFO  BaseClass - WebDriver instance is closed
2025-05-25 17:27:22 [main] INFO  BaseClass - ChromeDriver initiated is created
2025-05-25 17:27:27 [main] INFO  BaseClass - WebDriver initialozed and browser maximized
2025-05-25 17:27:27 [main] TRACE BaseClass - This is a Trace Message
2025-05-25 17:27:27 [main] DEBUG BaseClass - This is a Debug Message
2025-05-25 17:27:27 [main] WARN  BaseClass - This is a Warn Message
2025-05-25 17:27:27 [main] INFO  ActionDriver - WebDriver instance is created
2025-05-25 17:27:27 [main] INFO  BaseClass - ActionDrive initialized for current thread :1
2025-05-25 17:27:27 [main] INFO  ActionDriver - Entered text :Admin
2025-05-25 17:27:27 [main] INFO  ActionDriver - Entered text :admin123
2025-05-25 17:27:28 [main] INFO  ActionDriver - Clicked an element
2025-05-25 17:27:32 [main] INFO  ActionDriver - Clicked an element
2025-05-25 17:27:35 [main] INFO  ActionDriver - Clicked an element
2025-05-25 17:27:40 [main] INFO  BaseClass - ActionDriver instance is closed
2025-05-25 17:27:40 [main] INFO  BaseClass - WebDriver instance is closed
2025-05-25 17:28:54 [main] INFO  BaseClass - config.properties file loaded
2025-05-25 17:28:57 [TestNG-test=OrangeHRMTest-2] INFO  BaseClass - ChromeDriver initiated is created
2025-05-25 17:28:57 [TestNG-test=OrangeHRMTest-1] INFO  BaseClass - ChromeDriver initiated is created
2025-05-25 17:29:04 [TestNG-test=OrangeHRMTest-2] INFO  BaseClass - WebDriver initialozed and browser maximized
2025-05-25 17:29:04 [TestNG-test=OrangeHRMTest-2] TRACE BaseClass - This is a Trace Message
2025-05-25 17:29:04 [TestNG-test=OrangeHRMTest-2] DEBUG BaseClass - This is a Debug Message
2025-05-25 17:29:04 [TestNG-test=OrangeHRMTest-2] WARN  BaseClass - This is a Warn Message
2025-05-25 17:29:04 [TestNG-test=OrangeHRMTest-2] INFO  ActionDriver - WebDriver instance is created
2025-05-25 17:29:04 [TestNG-test=OrangeHRMTest-2] INFO  BaseClass - ActionDrive initialized for current thread :21
2025-05-25 17:29:04 [TestNG-test=OrangeHRMTest-1] INFO  BaseClass - WebDriver initialozed and browser maximized
2025-05-25 17:29:04 [TestNG-test=OrangeHRMTest-1] TRACE BaseClass - This is a Trace Message
2025-05-25 17:29:04 [TestNG-test=OrangeHRMTest-1] DEBUG BaseClass - This is a Debug Message
2025-05-25 17:29:04 [TestNG-test=OrangeHRMTest-1] WARN  BaseClass - This is a Warn Message
2025-05-25 17:29:04 [TestNG-test=OrangeHRMTest-1] INFO  ActionDriver - WebDriver instance is created
2025-05-25 17:29:04 [TestNG-test=OrangeHRMTest-1] INFO  BaseClass - ActionDrive initialized for current thread :20
2025-05-25 17:29:04 [TestNG-test=OrangeHRMTest-2] INFO  ActionDriver - Entered text :Admin
2025-05-25 17:29:04 [TestNG-test=OrangeHRMTest-2] INFO  ActionDriver - Entered text :admin123
2025-05-25 17:29:04 [TestNG-test=OrangeHRMTest-1] INFO  ActionDriver - Clicked an element
2025-05-25 17:29:04 [TestNG-test=OrangeHRMTest-1] INFO  ActionDriver - Entered text :Admin
2025-05-25 17:29:06 [TestNG-test=OrangeHRMTest-1] INFO  ActionDriver - Clicked an element
2025-05-25 17:29:06 [TestNG-test=OrangeHRMTest-1] INFO  ActionDriver - Assert Passed
2025-05-25 17:29:06 [TestNG-test=OrangeHRMTest-2] INFO  ActionDriver - Clicked an element
2025-05-25 17:29:06 [TestNG-test=OrangeHRMTest-1] INFO  BaseClass - ActionDriver instance is closed
2025-05-25 17:29:06 [TestNG-test=OrangeHRMTest-1] INFO  BaseClass - WebDriver instance is closed
2025-05-25 17:29:06 [TestNG-test=OrangeHRMTest-2] INFO  ActionDriver - Clicked an element
2025-05-25 17:29:08 [TestNG-test=OrangeHRMTest-1] INFO  BaseClass - ChromeDriver initiated is created
2025-05-25 17:29:09 [TestNG-test=OrangeHRMTest-2] INFO  ActionDriver - Clicked an element
2025-05-25 17:29:13 [TestNG-test=OrangeHRMTest-1] INFO  BaseClass - WebDriver initialozed and browser maximized
2025-05-25 17:29:13 [TestNG-test=OrangeHRMTest-1] TRACE BaseClass - This is a Trace Message
2025-05-25 17:29:13 [TestNG-test=OrangeHRMTest-1] DEBUG BaseClass - This is a Debug Message
2025-05-25 17:29:13 [TestNG-test=OrangeHRMTest-1] WARN  BaseClass - This is a Warn Message
2025-05-25 17:29:13 [TestNG-test=OrangeHRMTest-1] INFO  ActionDriver - WebDriver instance is created
2025-05-25 17:29:13 [TestNG-test=OrangeHRMTest-1] INFO  BaseClass - ActionDrive initialized for current thread :20
2025-05-25 17:29:14 [TestNG-test=OrangeHRMTest-1] INFO  ActionDriver - Clicked an element
2025-05-25 17:29:14 [TestNG-test=OrangeHRMTest-1] INFO  ActionDriver - Entered text :Admin
2025-05-25 17:29:14 [TestNG-test=OrangeHRMTest-2] INFO  BaseClass - ActionDriver instance is closed
2025-05-25 17:29:14 [TestNG-test=OrangeHRMTest-2] INFO  BaseClass - WebDriver instance is closed
2025-05-25 17:29:14 [TestNG-test=OrangeHRMTest-1] INFO  ActionDriver - Clicked an element
2025-05-25 17:29:16 [TestNG-test=OrangeHRMTest-1] INFO  BaseClass - ActionDriver instance is closed
2025-05-25 17:29:16 [TestNG-test=OrangeHRMTest-1] INFO  BaseClass - WebDriver instance is closed
2025-05-25 17:29:17 [TestNG-test=OrangeHRMTest-1] INFO  BaseClass - ChromeDriver initiated is created
2025-05-25 17:29:22 [TestNG-test=OrangeHRMTest-1] INFO  BaseClass - WebDriver initialozed and browser maximized
2025-05-25 17:29:22 [TestNG-test=OrangeHRMTest-1] TRACE BaseClass - This is a Trace Message
2025-05-25 17:29:22 [TestNG-test=OrangeHRMTest-1] DEBUG BaseClass - This is a Debug Message
2025-05-25 17:29:22 [TestNG-test=OrangeHRMTest-1] WARN  BaseClass - This is a Warn Message
2025-05-25 17:29:22 [TestNG-test=OrangeHRMTest-1] INFO  ActionDriver - WebDriver instance is created
2025-05-25 17:29:22 [TestNG-test=OrangeHRMTest-1] INFO  BaseClass - ActionDrive initialized for current thread :20
2025-05-25 17:29:22 [TestNG-test=OrangeHRMTest-1] INFO  ActionDriver - Entered text :Holi
2025-05-25 17:29:22 [TestNG-test=OrangeHRMTest-1] INFO  ActionDriver - Entered text :admin123
2025-05-25 17:29:23 [TestNG-test=OrangeHRMTest-1] INFO  ActionDriver - Clicked an element
2025-05-25 17:29:24 [TestNG-test=OrangeHRMTest-1] INFO  ActionDriver - Texts are matching : Invalid credentials equals Invalid credentials
2025-05-25 17:29:29 [TestNG-test=OrangeHRMTest-1] INFO  BaseClass - ActionDriver instance is closed
2025-05-25 17:29:29 [TestNG-test=OrangeHRMTest-1] INFO  BaseClass - WebDriver instance is closed
2025-05-25 17:29:31 [TestNG-test=OrangeHRMTest-1] INFO  BaseClass - ChromeDriver initiated is created
2025-05-25 17:29:36 [TestNG-test=OrangeHRMTest-1] INFO  BaseClass - WebDriver initialozed and browser maximized
2025-05-25 17:29:36 [TestNG-test=OrangeHRMTest-1] TRACE BaseClass - This is a Trace Message
2025-05-25 17:29:36 [TestNG-test=OrangeHRMTest-1] DEBUG BaseClass - This is a Debug Message
2025-05-25 17:29:36 [TestNG-test=OrangeHRMTest-1] WARN  BaseClass - This is a Warn Message
2025-05-25 17:29:36 [TestNG-test=OrangeHRMTest-1] INFO  ActionDriver - WebDriver instance is created
2025-05-25 17:29:36 [TestNG-test=OrangeHRMTest-1] INFO  BaseClass - ActionDrive initialized for current thread :20
2025-05-25 17:29:37 [TestNG-test=OrangeHRMTest-1] INFO  ActionDriver - Entered text :Admin
2025-05-25 17:29:37 [TestNG-test=OrangeHRMTest-1] INFO  ActionDriver - Entered text :admin123
2025-05-25 17:29:37 [TestNG-test=OrangeHRMTest-1] INFO  ActionDriver - Clicked an element
2025-05-25 17:29:38 [TestNG-test=OrangeHRMTest-1] INFO  ActionDriver - Clicked an element
2025-05-25 17:29:41 [TestNG-test=OrangeHRMTest-1] INFO  ActionDriver - Clicked an element
2025-05-25 17:29:46 [TestNG-test=OrangeHRMTest-1] INFO  BaseClass - ActionDriver instance is closed
2025-05-25 17:29:46 [TestNG-test=OrangeHRMTest-1] INFO  BaseClass - WebDriver instance is closed
