2025-03-23 02:00:30 [main] ERROR BaseClass - This is a Error Message
2025-03-23 02:00:46 [main] ERROR BaseClass - This is a Error Message
2025-03-23 02:01:09 [main] ERROR ActionDriver - Element is not clickable :- Expected condition failed: waiting for element to be clickable: By.xpath: //span[@class='oxd-userdropdown-tab'] (tried for 20 second(s) with 500 milliseconds interval)
Build info: version: '4.28.1', revision: '73f5ad48a2'
System info: os.name: 'Windows 10', os.arch: 'amd64', os.version: '10.0', java.version: '17.0.10'
Driver info: org.openqa.selenium.chrome.ChromeDriver
Capabilities {acceptInsecureCerts: false, browserName: chrome, browserVersion: 134.0.6998.165, chrome: {chromedriverVersion: 134.0.6998.165 (fd886e2cb29..., userDataDir: C:\Users\acer\AppData\Local...}, fedcm:accounts: true, goog:chromeOptions: {debuggerAddress: localhost:53732}, networkConnectionEnabled: false, pageLoadStrategy: normal, platformName: windows, proxy: Proxy(), se:cdp: ws://localhost:53732/devtoo..., se:cdpVersion: 134.0.6998.165, setWindowRect: true, strictFileInteractability: false, timeouts: {implicit: 0, pageLoad: 300000, script: 30000}, unhandledPromptBehavior: dismiss and notify, webauthn:extension:credBlob: true, webauthn:extension:largeBlob: true, webauthn:extension:minPinLength: true, webauthn:extension:prf: true, webauthn:virtualAuthenticators: true}
Session ID: 00d83a9e81ce553d57160da76674774e
2025-03-23 02:01:19 [main] ERROR ActionDriver - Unable to click element :- no such element: Unable to locate element: {"method":"xpath","selector":"//span[@class='oxd-userdropdown-tab']"}
  (Session info: chrome=134.0.6998.165)
For documentation on this error, please visit: https://www.selenium.dev/documentation/webdriver/troubleshooting/errors#no-such-element-exception
Build info: version: '4.28.1', revision: '73f5ad48a2'
System info: os.name: 'Windows 10', os.arch: 'amd64', os.version: '10.0', java.version: '17.0.10'
Driver info: org.openqa.selenium.chrome.ChromeDriver
Command: [00d83a9e81ce553d57160da76674774e, findElement {value=//span[@class='oxd-userdropdown-tab'], using=xpath}]
Capabilities {acceptInsecureCerts: false, browserName: chrome, browserVersion: 134.0.6998.165, chrome: {chromedriverVersion: 134.0.6998.165 (fd886e2cb29..., userDataDir: C:\Users\acer\AppData\Local...}, fedcm:accounts: true, goog:chromeOptions: {debuggerAddress: localhost:53732}, networkConnectionEnabled: false, pageLoadStrategy: normal, platformName: windows, proxy: Proxy(), se:cdp: ws://localhost:53732/devtoo..., se:cdpVersion: 134.0.6998.165, setWindowRect: true, strictFileInteractability: false, timeouts: {implicit: 0, pageLoad: 300000, script: 30000}, unhandledPromptBehavior: dismiss and notify, webauthn:extension:credBlob: true, webauthn:extension:largeBlob: true, webauthn:extension:minPinLength: true, webauthn:extension:prf: true, webauthn:virtualAuthenticators: true}
Session ID: 00d83a9e81ce553d57160da76674774e
2025-03-23 02:01:39 [main] ERROR ActionDriver - Element is not clickable :- Expected condition failed: waiting for element to be clickable: By.xpath: //a[text()='Logout'] (tried for 20 second(s) with 500 milliseconds interval)
Build info: version: '4.28.1', revision: '73f5ad48a2'
System info: os.name: 'Windows 10', os.arch: 'amd64', os.version: '10.0', java.version: '17.0.10'
Driver info: org.openqa.selenium.chrome.ChromeDriver
Capabilities {acceptInsecureCerts: false, browserName: chrome, browserVersion: 134.0.6998.165, chrome: {chromedriverVersion: 134.0.6998.165 (fd886e2cb29..., userDataDir: C:\Users\acer\AppData\Local...}, fedcm:accounts: true, goog:chromeOptions: {debuggerAddress: localhost:53732}, networkConnectionEnabled: false, pageLoadStrategy: normal, platformName: windows, proxy: Proxy(), se:cdp: ws://localhost:53732/devtoo..., se:cdpVersion: 134.0.6998.165, setWindowRect: true, strictFileInteractability: false, timeouts: {implicit: 0, pageLoad: 300000, script: 30000}, unhandledPromptBehavior: dismiss and notify, webauthn:extension:credBlob: true, webauthn:extension:largeBlob: true, webauthn:extension:minPinLength: true, webauthn:extension:prf: true, webauthn:virtualAuthenticators: true}
Session ID: 00d83a9e81ce553d57160da76674774e
2025-03-23 02:01:50 [main] ERROR ActionDriver - Unable to click element :- no such element: Unable to locate element: {"method":"xpath","selector":"//a[text()='Logout']"}
  (Session info: chrome=134.0.6998.165)
For documentation on this error, please visit: https://www.selenium.dev/documentation/webdriver/troubleshooting/errors#no-such-element-exception
Build info: version: '4.28.1', revision: '73f5ad48a2'
System info: os.name: 'Windows 10', os.arch: 'amd64', os.version: '10.0', java.version: '17.0.10'
Driver info: org.openqa.selenium.chrome.ChromeDriver
Command: [00d83a9e81ce553d57160da76674774e, findElement {value=//a[text()='Logout'], using=xpath}]
Capabilities {acceptInsecureCerts: false, browserName: chrome, browserVersion: 134.0.6998.165, chrome: {chromedriverVersion: 134.0.6998.165 (fd886e2cb29..., userDataDir: C:\Users\acer\AppData\Local...}, fedcm:accounts: true, goog:chromeOptions: {debuggerAddress: localhost:53732}, networkConnectionEnabled: false, pageLoadStrategy: normal, platformName: windows, proxy: Proxy(), se:cdp: ws://localhost:53732/devtoo..., se:cdpVersion: 134.0.6998.165, setWindowRect: true, strictFileInteractability: false, timeouts: {implicit: 0, pageLoad: 300000, script: 30000}, unhandledPromptBehavior: dismiss and notify, webauthn:extension:credBlob: true, webauthn:extension:largeBlob: true, webauthn:extension:minPinLength: true, webauthn:extension:prf: true, webauthn:virtualAuthenticators: true}
Session ID: 00d83a9e81ce553d57160da76674774e
2025-03-23 02:02:03 [main] ERROR BaseClass - This is a Error Message
2025-03-23 02:03:31 [main] ERROR BaseClass - This is a Error Message
2025-03-23 02:03:45 [main] ERROR BaseClass - This is a Error Message
2025-03-23 02:04:08 [main] ERROR ActionDriver - Element is not clickable :- Expected condition failed: waiting for element to be clickable: By.xpath: //span[@class='oxd-userdropdown-tab'] (tried for 20 second(s) with 500 milliseconds interval)
Build info: version: '4.28.1', revision: '73f5ad48a2'
System info: os.name: 'Windows 10', os.arch: 'amd64', os.version: '10.0', java.version: '17.0.10'
Driver info: org.openqa.selenium.chrome.ChromeDriver
Capabilities {acceptInsecureCerts: false, browserName: chrome, browserVersion: 134.0.6998.165, chrome: {chromedriverVersion: 134.0.6998.165 (fd886e2cb29..., userDataDir: C:\Users\acer\AppData\Local...}, fedcm:accounts: true, goog:chromeOptions: {debuggerAddress: localhost:53836}, networkConnectionEnabled: false, pageLoadStrategy: normal, platformName: windows, proxy: Proxy(), se:cdp: ws://localhost:53836/devtoo..., se:cdpVersion: 134.0.6998.165, setWindowRect: true, strictFileInteractability: false, timeouts: {implicit: 0, pageLoad: 300000, script: 30000}, unhandledPromptBehavior: dismiss and notify, webauthn:extension:credBlob: true, webauthn:extension:largeBlob: true, webauthn:extension:minPinLength: true, webauthn:extension:prf: true, webauthn:virtualAuthenticators: true}
Session ID: df5c089e783644caa2bea94f85ff60b6
2025-03-23 02:04:18 [main] ERROR ActionDriver - Unable to click element :- no such element: Unable to locate element: {"method":"xpath","selector":"//span[@class='oxd-userdropdown-tab']"}
  (Session info: chrome=134.0.6998.165)
For documentation on this error, please visit: https://www.selenium.dev/documentation/webdriver/troubleshooting/errors#no-such-element-exception
Build info: version: '4.28.1', revision: '73f5ad48a2'
System info: os.name: 'Windows 10', os.arch: 'amd64', os.version: '10.0', java.version: '17.0.10'
Driver info: org.openqa.selenium.chrome.ChromeDriver
Command: [df5c089e783644caa2bea94f85ff60b6, findElement {value=//span[@class='oxd-userdropdown-tab'], using=xpath}]
Capabilities {acceptInsecureCerts: false, browserName: chrome, browserVersion: 134.0.6998.165, chrome: {chromedriverVersion: 134.0.6998.165 (fd886e2cb29..., userDataDir: C:\Users\acer\AppData\Local...}, fedcm:accounts: true, goog:chromeOptions: {debuggerAddress: localhost:53836}, networkConnectionEnabled: false, pageLoadStrategy: normal, platformName: windows, proxy: Proxy(), se:cdp: ws://localhost:53836/devtoo..., se:cdpVersion: 134.0.6998.165, setWindowRect: true, strictFileInteractability: false, timeouts: {implicit: 0, pageLoad: 300000, script: 30000}, unhandledPromptBehavior: dismiss and notify, webauthn:extension:credBlob: true, webauthn:extension:largeBlob: true, webauthn:extension:minPinLength: true, webauthn:extension:prf: true, webauthn:virtualAuthenticators: true}
Session ID: df5c089e783644caa2bea94f85ff60b6
2025-03-23 02:04:47 [main] ERROR BaseClass - This is a Error Message
2025-03-23 02:05:02 [main] ERROR BaseClass - This is a Error Message
2025-03-23 02:05:40 [main] ERROR BaseClass - This is a Error Message
2025-03-23 02:05:54 [main] ERROR BaseClass - This is a Error Message
2025-03-23 02:06:10 [main] ERROR BaseClass - This is a Error Message
2025-03-23 02:07:21 [main] ERROR BaseClass - This is a Error Message
2025-03-23 02:07:36 [main] ERROR BaseClass - This is a Error Message
2025-03-23 02:07:51 [main] ERROR BaseClass - This is a Error Message
2025-03-23 12:46:32 [main] ERROR BaseClass - This is a Error Message
2025-03-23 12:48:31 [main] ERROR BaseClass - This is a Error Message
2025-03-23 12:48:53 [main] ERROR ActionDriver - Element is not clickable :- Expected condition failed: waiting for element to be clickable: By.xpath: //p[contains(.,'Forgot your password')] (tried for 20 second(s) with 500 milliseconds interval)
Build info: version: '4.28.1', revision: '73f5ad48a2'
System info: os.name: 'Windows 10', os.arch: 'amd64', os.version: '10.0', java.version: '17.0.10'
Driver info: org.openqa.selenium.chrome.ChromeDriver
Capabilities {acceptInsecureCerts: false, browserName: chrome, browserVersion: 134.0.6998.165, chrome: {chromedriverVersion: 134.0.6998.165 (fd886e2cb29..., userDataDir: C:\Users\acer\AppData\Local...}, fedcm:accounts: true, goog:chromeOptions: {debuggerAddress: localhost:56640}, networkConnectionEnabled: false, pageLoadStrategy: normal, platformName: windows, proxy: Proxy(), se:cdp: ws://localhost:56640/devtoo..., se:cdpVersion: 134.0.6998.165, setWindowRect: true, strictFileInteractability: false, timeouts: {implicit: 0, pageLoad: 300000, script: 30000}, unhandledPromptBehavior: dismiss and notify, webauthn:extension:credBlob: true, webauthn:extension:largeBlob: true, webauthn:extension:minPinLength: true, webauthn:extension:prf: true, webauthn:virtualAuthenticators: true}
Session ID: 684ddb5ef21b69c5b5ca145b3b979896
2025-03-23 12:49:53 [main] ERROR BaseClass - This is a Error Message
2025-03-23 12:50:24 [main] ERROR BaseClass - This is a Error Message
2025-03-23 12:50:38 [main] ERROR BaseClass - This is a Error Message
2025-03-23 12:57:05 [main] ERROR BaseClass - This is a Error Message
2025-03-23 12:57:53 [main] ERROR BaseClass - This is a Error Message
2025-03-23 12:58:01 [main] ERROR BaseClass - This is a Error Message
2025-03-23 12:58:10 [main] ERROR BaseClass - This is a Error Message
2025-03-23 12:58:26 [main] ERROR BaseClass - This is a Error Message
2025-03-23 12:58:40 [main] ERROR BaseClass - This is a Error Message
2025-03-23 13:00:38 [main] ERROR BaseClass - This is a Error Message
2025-03-23 13:00:47 [main] ERROR BaseClass - This is a Error Message
2025-03-23 13:00:55 [main] ERROR BaseClass - This is a Error Message
2025-03-23 13:01:12 [main] ERROR BaseClass - This is a Error Message
2025-03-23 13:01:25 [main] ERROR BaseClass - This is a Error Message
2025-03-23 13:08:35 [main] ERROR BaseClass - This is a Error Message
2025-03-23 13:08:43 [main] ERROR BaseClass - This is a Error Message
2025-03-23 13:08:52 [main] ERROR BaseClass - This is a Error Message
2025-03-23 13:09:07 [main] ERROR BaseClass - This is a Error Message
2025-03-23 13:09:20 [main] ERROR BaseClass - This is a Error Message
2025-03-23 13:11:10 [main] ERROR BaseClass - This is a Error Message
2025-03-23 13:11:18 [main] ERROR BaseClass - This is a Error Message
2025-03-23 13:11:27 [main] ERROR BaseClass - This is a Error Message
2025-03-23 13:11:42 [main] ERROR BaseClass - This is a Error Message
2025-03-23 13:11:55 [main] ERROR BaseClass - This is a Error Message
2025-03-23 13:12:39 [main] ERROR BaseClass - This is a Error Message
2025-03-23 13:12:47 [main] ERROR BaseClass - This is a Error Message
2025-03-23 13:12:56 [main] ERROR BaseClass - This is a Error Message
2025-03-23 13:13:11 [main] ERROR BaseClass - This is a Error Message
2025-03-23 13:13:26 [main] ERROR BaseClass - This is a Error Message
2025-03-23 22:23:14 [main] ERROR BaseClass - This is a Error Message
2025-03-23 22:23:24 [main] ERROR BaseClass - This is a Error Message
2025-03-23 22:23:34 [main] ERROR BaseClass - This is a Error Message
2025-03-23 22:23:51 [main] ERROR BaseClass - This is a Error Message
2025-03-23 22:24:06 [main] ERROR BaseClass - This is a Error Message
2025-03-23 22:26:02 [main] ERROR BaseClass - This is a Error Message
2025-03-23 22:26:10 [main] ERROR BaseClass - This is a Error Message
2025-03-23 22:26:19 [main] ERROR BaseClass - This is a Error Message
2025-03-23 22:26:35 [main] ERROR BaseClass - This is a Error Message
2025-03-23 22:26:48 [main] ERROR BaseClass - This is a Error Message
2025-03-31 02:43:48 [main] ERROR BaseClass - This is a Error Message
2025-03-31 02:43:58 [main] ERROR BaseClass - This is a Error Message
2025-03-31 02:44:08 [main] ERROR BaseClass - This is a Error Message
2025-03-31 02:44:25 [main] ERROR BaseClass - This is a Error Message
2025-03-31 02:44:39 [main] ERROR BaseClass - This is a Error Message
2025-03-31 02:52:03 [main] ERROR BaseClass - This is a Error Message
2025-03-31 02:52:03 [main] ERROR ActionDriver - Unable to clear text fieldsCannot invoke "org.openqa.selenium.WebElement.clear()" because "element" is null
2025-03-31 02:52:03 [main] ERROR ActionDriver - Unable to enter the value :- Admin Cannot invoke "org.openqa.selenium.WebElement.clear()" because "element" is null
2025-03-31 02:52:03 [main] ERROR ActionDriver - Unable to enter the value :- admin123 Cannot invoke "org.openqa.selenium.WebElement.clear()" because "element" is null
2025-03-31 02:52:03 [main] ERROR ActionDriver - Unable to click element :- Cannot invoke "org.openqa.selenium.WebElement.click()" because "element" is null
2025-03-31 02:58:49 [main] ERROR BaseClass - This is a Error Message
2025-03-31 03:03:37 [main] ERROR BaseClass - This is a Error Message
2025-03-31 03:13:19 [main] ERROR BaseClass - This is a Error Message
2025-03-31 03:13:29 [main] ERROR BaseClass - This is a Error Message
2025-03-31 03:13:30 [main] ERROR ActionDriver - Element is not visible :- class jdk.proxy2.$Proxy28 cannot be cast to class org.openqa.selenium.By (jdk.proxy2.$Proxy28 is in module jdk.proxy2 of loader 'app'; org.openqa.selenium.By is in unnamed module of loader 'app')
2025-03-31 03:13:39 [main] ERROR BaseClass - This is a Error Message
2025-03-31 03:13:39 [main] ERROR ActionDriver - Element is not visible :- class jdk.proxy2.$Proxy28 cannot be cast to class org.openqa.selenium.By (jdk.proxy2.$Proxy28 is in module jdk.proxy2 of loader 'app'; org.openqa.selenium.By is in unnamed module of loader 'app')
2025-03-31 03:13:41 [main] ERROR ActionDriver - Element is not visible :- class jdk.proxy2.$Proxy28 cannot be cast to class org.openqa.selenium.By (jdk.proxy2.$Proxy28 is in module jdk.proxy2 of loader 'app'; org.openqa.selenium.By is in unnamed module of loader 'app')
2025-03-31 03:13:41 [main] ERROR ActionDriver - Element is not visible :- class jdk.proxy2.$Proxy28 cannot be cast to class org.openqa.selenium.By (jdk.proxy2.$Proxy28 is in module jdk.proxy2 of loader 'app'; org.openqa.selenium.By is in unnamed module of loader 'app')
2025-03-31 03:13:58 [main] ERROR BaseClass - This is a Error Message
2025-03-31 03:13:58 [main] ERROR ActionDriver - Element is not visible :- class jdk.proxy2.$Proxy28 cannot be cast to class org.openqa.selenium.By (jdk.proxy2.$Proxy28 is in module jdk.proxy2 of loader 'app'; org.openqa.selenium.By is in unnamed module of loader 'app')
2025-03-31 03:14:00 [main] ERROR ActionDriver - Element is not visible :- class jdk.proxy2.$Proxy28 cannot be cast to class org.openqa.selenium.By (jdk.proxy2.$Proxy28 is in module jdk.proxy2 of loader 'app'; org.openqa.selenium.By is in unnamed module of loader 'app')
2025-03-31 03:14:00 [main] ERROR ActionDriver - Element is not visible :- class jdk.proxy2.$Proxy28 cannot be cast to class org.openqa.selenium.By (jdk.proxy2.$Proxy28 is in module jdk.proxy2 of loader 'app'; org.openqa.selenium.By is in unnamed module of loader 'app')
2025-03-31 03:14:00 [main] ERROR ActionDriver - Element is not visible :- class jdk.proxy2.$Proxy28 cannot be cast to class org.openqa.selenium.By (jdk.proxy2.$Proxy28 is in module jdk.proxy2 of loader 'app'; org.openqa.selenium.By is in unnamed module of loader 'app')
2025-03-31 03:14:00 [main] ERROR ActionDriver - Element is not visible :- class jdk.proxy2.$Proxy28 cannot be cast to class org.openqa.selenium.By (jdk.proxy2.$Proxy28 is in module jdk.proxy2 of loader 'app'; org.openqa.selenium.By is in unnamed module of loader 'app')
2025-03-31 03:14:13 [main] ERROR BaseClass - This is a Error Message
2025-03-31 03:14:13 [main] ERROR ActionDriver - Element is not visible :- class jdk.proxy2.$Proxy28 cannot be cast to class org.openqa.selenium.By (jdk.proxy2.$Proxy28 is in module jdk.proxy2 of loader 'app'; org.openqa.selenium.By is in unnamed module of loader 'app')
2025-03-31 03:17:54 [main] ERROR BaseClass - This is a Error Message
2025-03-31 03:17:54 [main] ERROR ActionDriver - Element is not visible :- Locator must be set
2025-03-31 03:17:54 [main] ERROR ActionDriver - Unable to clear text fieldsCannot invoke "org.openqa.selenium.WebElement.clear()" because "element" is null
2025-03-31 03:17:54 [main] ERROR ActionDriver - Unable to enter the value :- Admin Cannot invoke "org.openqa.selenium.WebElement.clear()" because "element" is null
2025-03-31 03:17:54 [main] ERROR ActionDriver - Unable to enter the value :- admin123 Cannot invoke "org.openqa.selenium.WebElement.clear()" because "element" is null
2025-03-31 03:17:54 [main] ERROR ActionDriver - Unable to click element :- Cannot invoke "org.openqa.selenium.WebElement.click()" because "element" is null
2025-03-31 03:38:29 [main] ERROR BaseClass - This is a Error Message
2025-03-31 03:38:29 [main] ERROR ActionDriver - Element is not visible :- class jdk.proxy2.$Proxy28 cannot be cast to class org.openqa.selenium.By (jdk.proxy2.$Proxy28 is in module jdk.proxy2 of loader 'app'; org.openqa.selenium.By is in unnamed module of loader 'app')
2025-04-06 00:25:52 [main] ERROR BaseClass - This is a Error Message
2025-04-06 00:26:00 [main] ERROR BaseClass - This is a Error Message
2025-04-06 00:26:01 [main] ERROR ActionDriver - Element is not visible :- class jdk.proxy2.$Proxy28 cannot be cast to class org.openqa.selenium.By (jdk.proxy2.$Proxy28 is in module jdk.proxy2 of loader 'app'; org.openqa.selenium.By is in unnamed module of loader 'app')
2025-04-06 00:26:09 [main] ERROR BaseClass - This is a Error Message
2025-04-06 00:26:09 [main] ERROR ActionDriver - Element is not visible :- class jdk.proxy2.$Proxy28 cannot be cast to class org.openqa.selenium.By (jdk.proxy2.$Proxy28 is in module jdk.proxy2 of loader 'app'; org.openqa.selenium.By is in unnamed module of loader 'app')
2025-04-06 00:26:11 [main] ERROR ActionDriver - Element is not visible :- class jdk.proxy2.$Proxy28 cannot be cast to class org.openqa.selenium.By (jdk.proxy2.$Proxy28 is in module jdk.proxy2 of loader 'app'; org.openqa.selenium.By is in unnamed module of loader 'app')
2025-04-06 00:26:11 [main] ERROR ActionDriver - Element is not visible :- class jdk.proxy2.$Proxy28 cannot be cast to class org.openqa.selenium.By (jdk.proxy2.$Proxy28 is in module jdk.proxy2 of loader 'app'; org.openqa.selenium.By is in unnamed module of loader 'app')
2025-04-06 00:26:25 [main] ERROR BaseClass - This is a Error Message
2025-04-06 00:26:25 [main] ERROR ActionDriver - Element is not visible :- class jdk.proxy2.$Proxy28 cannot be cast to class org.openqa.selenium.By (jdk.proxy2.$Proxy28 is in module jdk.proxy2 of loader 'app'; org.openqa.selenium.By is in unnamed module of loader 'app')
2025-04-06 00:26:26 [main] ERROR ActionDriver - Element is not visible :- class jdk.proxy2.$Proxy28 cannot be cast to class org.openqa.selenium.By (jdk.proxy2.$Proxy28 is in module jdk.proxy2 of loader 'app'; org.openqa.selenium.By is in unnamed module of loader 'app')
2025-04-06 00:26:26 [main] ERROR ActionDriver - Element is not visible :- class jdk.proxy2.$Proxy28 cannot be cast to class org.openqa.selenium.By (jdk.proxy2.$Proxy28 is in module jdk.proxy2 of loader 'app'; org.openqa.selenium.By is in unnamed module of loader 'app')
2025-04-06 00:26:26 [main] ERROR ActionDriver - Element is not visible :- class jdk.proxy2.$Proxy28 cannot be cast to class org.openqa.selenium.By (jdk.proxy2.$Proxy28 is in module jdk.proxy2 of loader 'app'; org.openqa.selenium.By is in unnamed module of loader 'app')
2025-04-06 00:26:26 [main] ERROR ActionDriver - Element is not visible :- class jdk.proxy2.$Proxy28 cannot be cast to class org.openqa.selenium.By (jdk.proxy2.$Proxy28 is in module jdk.proxy2 of loader 'app'; org.openqa.selenium.By is in unnamed module of loader 'app')
2025-04-06 00:26:38 [main] ERROR BaseClass - This is a Error Message
2025-04-06 00:26:38 [main] ERROR ActionDriver - Element is not visible :- class jdk.proxy2.$Proxy28 cannot be cast to class org.openqa.selenium.By (jdk.proxy2.$Proxy28 is in module jdk.proxy2 of loader 'app'; org.openqa.selenium.By is in unnamed module of loader 'app')
2025-04-06 00:31:04 [main] ERROR BaseClass - This is a Error Message
2025-04-06 00:31:12 [main] ERROR BaseClass - This is a Error Message
2025-04-06 00:31:13 [main] ERROR ActionDriver - Element is not visible :- class jdk.proxy2.$Proxy28 cannot be cast to class org.openqa.selenium.By (jdk.proxy2.$Proxy28 is in module jdk.proxy2 of loader 'app'; org.openqa.selenium.By is in unnamed module of loader 'app')
2025-04-06 00:31:20 [main] ERROR BaseClass - This is a Error Message
2025-04-06 00:31:20 [main] ERROR ActionDriver - Element is not visible :- class jdk.proxy2.$Proxy28 cannot be cast to class org.openqa.selenium.By (jdk.proxy2.$Proxy28 is in module jdk.proxy2 of loader 'app'; org.openqa.selenium.By is in unnamed module of loader 'app')
2025-04-06 00:31:22 [main] ERROR ActionDriver - Element is not visible :- class jdk.proxy2.$Proxy28 cannot be cast to class org.openqa.selenium.By (jdk.proxy2.$Proxy28 is in module jdk.proxy2 of loader 'app'; org.openqa.selenium.By is in unnamed module of loader 'app')
2025-04-06 00:31:22 [main] ERROR ActionDriver - Element is not visible :- class jdk.proxy2.$Proxy28 cannot be cast to class org.openqa.selenium.By (jdk.proxy2.$Proxy28 is in module jdk.proxy2 of loader 'app'; org.openqa.selenium.By is in unnamed module of loader 'app')
2025-04-06 00:31:22 [main] ERROR ActionDriver - Element is not visible :- class jdk.proxy2.$Proxy28 cannot be cast to class org.openqa.selenium.By (jdk.proxy2.$Proxy28 is in module jdk.proxy2 of loader 'app'; org.openqa.selenium.By is in unnamed module of loader 'app')
2025-04-06 00:31:22 [main] ERROR ActionDriver - Element is not visible :- class jdk.proxy2.$Proxy28 cannot be cast to class org.openqa.selenium.By (jdk.proxy2.$Proxy28 is in module jdk.proxy2 of loader 'app'; org.openqa.selenium.By is in unnamed module of loader 'app')
2025-04-06 00:31:35 [main] ERROR BaseClass - This is a Error Message
2025-04-06 00:31:35 [main] ERROR ActionDriver - Element is not visible :- class jdk.proxy2.$Proxy28 cannot be cast to class org.openqa.selenium.By (jdk.proxy2.$Proxy28 is in module jdk.proxy2 of loader 'app'; org.openqa.selenium.By is in unnamed module of loader 'app')
2025-04-06 00:33:43 [main] ERROR BaseClass - This is a Error Message
2025-04-06 00:33:51 [main] ERROR BaseClass - This is a Error Message
2025-04-06 00:33:52 [main] ERROR ActionDriver - Element is not visible :- class jdk.proxy2.$Proxy28 cannot be cast to class org.openqa.selenium.By (jdk.proxy2.$Proxy28 is in module jdk.proxy2 of loader 'app'; org.openqa.selenium.By is in unnamed module of loader 'app')
2025-04-06 00:34:00 [main] ERROR BaseClass - This is a Error Message
2025-04-06 00:34:00 [main] ERROR ActionDriver - Element is not visible :- class jdk.proxy2.$Proxy28 cannot be cast to class org.openqa.selenium.By (jdk.proxy2.$Proxy28 is in module jdk.proxy2 of loader 'app'; org.openqa.selenium.By is in unnamed module of loader 'app')
2025-04-06 00:34:01 [main] ERROR ActionDriver - Element is not visible :- class jdk.proxy2.$Proxy28 cannot be cast to class org.openqa.selenium.By (jdk.proxy2.$Proxy28 is in module jdk.proxy2 of loader 'app'; org.openqa.selenium.By is in unnamed module of loader 'app')
2025-04-06 00:34:02 [main] ERROR ActionDriver - Element is not visible :- class jdk.proxy2.$Proxy28 cannot be cast to class org.openqa.selenium.By (jdk.proxy2.$Proxy28 is in module jdk.proxy2 of loader 'app'; org.openqa.selenium.By is in unnamed module of loader 'app')
2025-04-06 00:34:02 [main] ERROR ActionDriver - Element is not visible :- class jdk.proxy2.$Proxy28 cannot be cast to class org.openqa.selenium.By (jdk.proxy2.$Proxy28 is in module jdk.proxy2 of loader 'app'; org.openqa.selenium.By is in unnamed module of loader 'app')
2025-04-06 00:34:02 [main] ERROR ActionDriver - Element is not visible :- class jdk.proxy2.$Proxy28 cannot be cast to class org.openqa.selenium.By (jdk.proxy2.$Proxy28 is in module jdk.proxy2 of loader 'app'; org.openqa.selenium.By is in unnamed module of loader 'app')
2025-04-06 00:34:13 [main] ERROR BaseClass - This is a Error Message
2025-04-06 00:34:13 [main] ERROR ActionDriver - Element is not visible :- class jdk.proxy2.$Proxy28 cannot be cast to class org.openqa.selenium.By (jdk.proxy2.$Proxy28 is in module jdk.proxy2 of loader 'app'; org.openqa.selenium.By is in unnamed module of loader 'app')
2025-04-06 01:09:25 [main] ERROR BaseClass - This is a Error Message
2025-04-06 01:09:33 [main] ERROR BaseClass - This is a Error Message
2025-04-06 01:09:34 [main] ERROR ActionDriver - Element is not visible :- class jdk.proxy2.$Proxy28 cannot be cast to class org.openqa.selenium.By (jdk.proxy2.$Proxy28 is in module jdk.proxy2 of loader 'app'; org.openqa.selenium.By is in unnamed module of loader 'app')
2025-04-06 01:09:41 [main] ERROR BaseClass - This is a Error Message
2025-04-06 01:09:41 [main] ERROR ActionDriver - Element is not visible :- class jdk.proxy2.$Proxy28 cannot be cast to class org.openqa.selenium.By (jdk.proxy2.$Proxy28 is in module jdk.proxy2 of loader 'app'; org.openqa.selenium.By is in unnamed module of loader 'app')
2025-04-06 01:09:42 [main] ERROR ActionDriver - Element is not visible :- class jdk.proxy2.$Proxy28 cannot be cast to class org.openqa.selenium.By (jdk.proxy2.$Proxy28 is in module jdk.proxy2 of loader 'app'; org.openqa.selenium.By is in unnamed module of loader 'app')
2025-04-06 01:09:43 [main] ERROR ActionDriver - Element is not visible :- class jdk.proxy2.$Proxy28 cannot be cast to class org.openqa.selenium.By (jdk.proxy2.$Proxy28 is in module jdk.proxy2 of loader 'app'; org.openqa.selenium.By is in unnamed module of loader 'app')
2025-04-06 01:09:43 [main] ERROR ActionDriver - Element is not visible :- class jdk.proxy2.$Proxy28 cannot be cast to class org.openqa.selenium.By (jdk.proxy2.$Proxy28 is in module jdk.proxy2 of loader 'app'; org.openqa.selenium.By is in unnamed module of loader 'app')
2025-04-06 01:09:43 [main] ERROR ActionDriver - Element is not visible :- class jdk.proxy2.$Proxy28 cannot be cast to class org.openqa.selenium.By (jdk.proxy2.$Proxy28 is in module jdk.proxy2 of loader 'app'; org.openqa.selenium.By is in unnamed module of loader 'app')
2025-04-06 01:16:48 [main] ERROR BaseClass - This is a Error Message
2025-04-06 01:16:49 [main] ERROR ActionDriver - Element is not visible :- class jdk.proxy2.$Proxy28 cannot be cast to class org.openqa.selenium.By (jdk.proxy2.$Proxy28 is in module jdk.proxy2 of loader 'app'; org.openqa.selenium.By is in unnamed module of loader 'app')
2025-04-06 01:16:50 [main] ERROR ActionDriver - Element is not visible :- class jdk.proxy2.$Proxy28 cannot be cast to class org.openqa.selenium.By (jdk.proxy2.$Proxy28 is in module jdk.proxy2 of loader 'app'; org.openqa.selenium.By is in unnamed module of loader 'app')
2025-04-06 01:16:50 [main] ERROR ActionDriver - Element is not visible :- class jdk.proxy2.$Proxy28 cannot be cast to class org.openqa.selenium.By (jdk.proxy2.$Proxy28 is in module jdk.proxy2 of loader 'app'; org.openqa.selenium.By is in unnamed module of loader 'app')
2025-04-06 01:17:12 [main] ERROR BaseClass - This is a Error Message
2025-04-06 01:17:20 [main] ERROR BaseClass - This is a Error Message
2025-04-06 01:17:21 [main] ERROR ActionDriver - Element is not visible :- class jdk.proxy2.$Proxy28 cannot be cast to class org.openqa.selenium.By (jdk.proxy2.$Proxy28 is in module jdk.proxy2 of loader 'app'; org.openqa.selenium.By is in unnamed module of loader 'app')
2025-04-06 01:17:29 [main] ERROR BaseClass - This is a Error Message
2025-04-06 01:17:29 [main] ERROR ActionDriver - Element is not visible :- class jdk.proxy2.$Proxy28 cannot be cast to class org.openqa.selenium.By (jdk.proxy2.$Proxy28 is in module jdk.proxy2 of loader 'app'; org.openqa.selenium.By is in unnamed module of loader 'app')
2025-04-06 01:17:29 [main] ERROR ActionDriver - Element is not visible :- class jdk.proxy2.$Proxy28 cannot be cast to class org.openqa.selenium.By (jdk.proxy2.$Proxy28 is in module jdk.proxy2 of loader 'app'; org.openqa.selenium.By is in unnamed module of loader 'app')
2025-04-06 01:17:31 [main] ERROR ActionDriver - Element is not visible :- class jdk.proxy2.$Proxy28 cannot be cast to class org.openqa.selenium.By (jdk.proxy2.$Proxy28 is in module jdk.proxy2 of loader 'app'; org.openqa.selenium.By is in unnamed module of loader 'app')
2025-04-06 01:17:45 [main] ERROR BaseClass - This is a Error Message
2025-04-06 01:17:45 [main] ERROR ActionDriver - Element is not visible :- class jdk.proxy2.$Proxy28 cannot be cast to class org.openqa.selenium.By (jdk.proxy2.$Proxy28 is in module jdk.proxy2 of loader 'app'; org.openqa.selenium.By is in unnamed module of loader 'app')
2025-04-06 01:17:45 [main] ERROR ActionDriver - Element is not visible :- class jdk.proxy2.$Proxy28 cannot be cast to class org.openqa.selenium.By (jdk.proxy2.$Proxy28 is in module jdk.proxy2 of loader 'app'; org.openqa.selenium.By is in unnamed module of loader 'app')
2025-04-06 01:17:46 [main] ERROR ActionDriver - Element is not visible :- class jdk.proxy2.$Proxy28 cannot be cast to class org.openqa.selenium.By (jdk.proxy2.$Proxy28 is in module jdk.proxy2 of loader 'app'; org.openqa.selenium.By is in unnamed module of loader 'app')
2025-04-06 01:17:46 [main] ERROR ActionDriver - Element is not visible :- class jdk.proxy2.$Proxy28 cannot be cast to class org.openqa.selenium.By (jdk.proxy2.$Proxy28 is in module jdk.proxy2 of loader 'app'; org.openqa.selenium.By is in unnamed module of loader 'app')
2025-04-06 01:17:46 [main] ERROR ActionDriver - Element is not visible :- class jdk.proxy2.$Proxy28 cannot be cast to class org.openqa.selenium.By (jdk.proxy2.$Proxy28 is in module jdk.proxy2 of loader 'app'; org.openqa.selenium.By is in unnamed module of loader 'app')
2025-04-06 01:17:58 [main] ERROR BaseClass - This is a Error Message
2025-04-06 01:17:58 [main] ERROR ActionDriver - Element is not visible :- class jdk.proxy2.$Proxy28 cannot be cast to class org.openqa.selenium.By (jdk.proxy2.$Proxy28 is in module jdk.proxy2 of loader 'app'; org.openqa.selenium.By is in unnamed module of loader 'app')
2025-04-06 01:18:14 [main] ERROR BaseClass - This is a Error Message
2025-04-06 01:18:14 [main] ERROR ActionDriver - Element is not visible :- class jdk.proxy2.$Proxy28 cannot be cast to class org.openqa.selenium.By (jdk.proxy2.$Proxy28 is in module jdk.proxy2 of loader 'app'; org.openqa.selenium.By is in unnamed module of loader 'app')
2025-04-06 01:18:15 [main] ERROR ActionDriver - Element is not visible :- class jdk.proxy2.$Proxy28 cannot be cast to class org.openqa.selenium.By (jdk.proxy2.$Proxy28 is in module jdk.proxy2 of loader 'app'; org.openqa.selenium.By is in unnamed module of loader 'app')
2025-04-06 01:18:16 [main] ERROR ActionDriver - Element is not visible :- class jdk.proxy2.$Proxy28 cannot be cast to class org.openqa.selenium.By (jdk.proxy2.$Proxy28 is in module jdk.proxy2 of loader 'app'; org.openqa.selenium.By is in unnamed module of loader 'app')
2025-04-06 01:22:03 [TestNG-test=OrangeHRMTest-1] ERROR BaseClass - This is a Error Message
2025-04-06 01:22:03 [TestNG-test=OrangeHRMTest-2] ERROR ActionDriver - Element is not visible :- class jdk.proxy2.$Proxy28 cannot be cast to class org.openqa.selenium.By (jdk.proxy2.$Proxy28 is in module jdk.proxy2 of loader 'app'; org.openqa.selenium.By is in unnamed module of loader 'app')
2025-04-06 01:22:03 [TestNG-test=OrangeHRMTest-2] ERROR ActionDriver - Unable to clear text fieldsstale element reference: stale element not found
  (Session info: chrome=134.0.6998.178)
For documentation on this error, please visit: https://www.selenium.dev/documentation/webdriver/troubleshooting/errors#stale-element-reference-exception
Build info: version: '4.28.1', revision: '73f5ad48a2'
System info: os.name: 'Windows 10', os.arch: 'amd64', os.version: '10.0', java.version: '17.0.10'
Driver info: org.openqa.selenium.chrome.ChromeDriver
Command: [f7621774a73369a751ce9b60b5887912, clearElement {id=f.8706AD24846389B66631490E2D710EF5.d.554B375869DC25891D0052287E27DAC2.e.3}]
Capabilities {acceptInsecureCerts: false, browserName: chrome, browserVersion: 134.0.6998.178, chrome: {chromedriverVersion: 134.0.6998.165 (fd886e2cb29..., userDataDir: C:\Users\acer\AppData\Local...}, fedcm:accounts: true, goog:chromeOptions: {debuggerAddress: localhost:62935}, networkConnectionEnabled: false, pageLoadStrategy: normal, platformName: windows, proxy: Proxy(), se:cdp: ws://localhost:62935/devtoo..., se:cdpVersion: 134.0.6998.178, setWindowRect: true, strictFileInteractability: false, timeouts: {implicit: 0, pageLoad: 300000, script: 30000}, unhandledPromptBehavior: dismiss and notify, webauthn:extension:credBlob: true, webauthn:extension:largeBlob: true, webauthn:extension:minPinLength: true, webauthn:extension:prf: true, webauthn:virtualAuthenticators: true}
Element: [[ChromeDriver: chrome on windows (f7621774a73369a751ce9b60b5887912)] -> xpath: //input[@name='username']]
Session ID: f7621774a73369a751ce9b60b5887912
2025-04-06 01:22:14 [TestNG-test=OrangeHRMTest-2] ERROR ActionDriver - Unable to enter the value :- admin123 no such element: Unable to locate element: {"method":"xpath","selector":"//input[@name='password']"}
  (Session info: chrome=134.0.6998.178)
For documentation on this error, please visit: https://www.selenium.dev/documentation/webdriver/troubleshooting/errors#no-such-element-exception
Build info: version: '4.28.1', revision: '73f5ad48a2'
System info: os.name: 'Windows 10', os.arch: 'amd64', os.version: '10.0', java.version: '17.0.10'
Driver info: org.openqa.selenium.chrome.ChromeDriver
Command: [f7621774a73369a751ce9b60b5887912, findElement {using=xpath, value=//input[@name='password']}]
Capabilities {acceptInsecureCerts: false, browserName: chrome, browserVersion: 134.0.6998.178, chrome: {chromedriverVersion: 134.0.6998.165 (fd886e2cb29..., userDataDir: C:\Users\acer\AppData\Local...}, fedcm:accounts: true, goog:chromeOptions: {debuggerAddress: localhost:62935}, networkConnectionEnabled: false, pageLoadStrategy: normal, platformName: windows, proxy: Proxy(), se:cdp: ws://localhost:62935/devtoo..., se:cdpVersion: 134.0.6998.178, setWindowRect: true, strictFileInteractability: false, timeouts: {implicit: 0, pageLoad: 300000, script: 30000}, unhandledPromptBehavior: dismiss and notify, webauthn:extension:credBlob: true, webauthn:extension:largeBlob: true, webauthn:extension:minPinLength: true, webauthn:extension:prf: true, webauthn:virtualAuthenticators: true}
Session ID: f7621774a73369a751ce9b60b5887912
2025-04-06 01:22:15 [TestNG-test=OrangeHRMTest-2] ERROR ActionDriver - Element is not visible :- class jdk.proxy2.$Proxy28 cannot be cast to class org.openqa.selenium.By (jdk.proxy2.$Proxy28 is in module jdk.proxy2 of loader 'app'; org.openqa.selenium.By is in unnamed module of loader 'app')
2025-04-06 01:22:15 [TestNG-test=OrangeHRMTest-2] ERROR ActionDriver - Element is not displayed :- Build info: version: '4.28.1', revision: '73f5ad48a2'
System info: os.name: 'Windows 10', os.arch: 'amd64', os.version: '10.0', java.version: '17.0.10'
Driver info: org.openqa.selenium.chrome.ChromeDriver
Command: [f7621774a73369a751ce9b60b5887912, findElement {using=xpath, value=//span[text()='Admin']}]
Capabilities {acceptInsecureCerts: false, browserName: chrome, browserVersion: 134.0.6998.178, chrome: {chromedriverVersion: 134.0.6998.165 (fd886e2cb29..., userDataDir: C:\Users\acer\AppData\Local...}, fedcm:accounts: true, goog:chromeOptions: {debuggerAddress: localhost:62935}, networkConnectionEnabled: false, pageLoadStrategy: normal, platformName: windows, proxy: Proxy(), se:cdp: ws://localhost:62935/devtoo..., se:cdpVersion: 134.0.6998.178, setWindowRect: true, strictFileInteractability: false, timeouts: {implicit: 0, pageLoad: 300000, script: 30000}, unhandledPromptBehavior: dismiss and notify, webauthn:extension:credBlob: true, webauthn:extension:largeBlob: true, webauthn:extension:minPinLength: true, webauthn:extension:prf: true, webauthn:virtualAuthenticators: true}
Session ID: f7621774a73369a751ce9b60b5887912
2025-04-06 01:22:23 [TestNG-test=OrangeHRMTest-1] ERROR BaseClass - This is a Error Message
2025-04-06 01:22:24 [TestNG-test=OrangeHRMTest-1] ERROR ActionDriver - Element is not visible :- class jdk.proxy2.$Proxy28 cannot be cast to class org.openqa.selenium.By (jdk.proxy2.$Proxy28 is in module jdk.proxy2 of loader 'app'; org.openqa.selenium.By is in unnamed module of loader 'app')
2025-04-06 01:22:32 [TestNG-test=OrangeHRMTest-1] ERROR BaseClass - This is a Error Message
2025-04-06 01:22:32 [TestNG-test=OrangeHRMTest-1] ERROR ActionDriver - Element is not visible :- class jdk.proxy2.$Proxy28 cannot be cast to class org.openqa.selenium.By (jdk.proxy2.$Proxy28 is in module jdk.proxy2 of loader 'app'; org.openqa.selenium.By is in unnamed module of loader 'app')
2025-04-06 01:22:33 [TestNG-test=OrangeHRMTest-1] ERROR ActionDriver - Element is not visible :- class jdk.proxy2.$Proxy28 cannot be cast to class org.openqa.selenium.By (jdk.proxy2.$Proxy28 is in module jdk.proxy2 of loader 'app'; org.openqa.selenium.By is in unnamed module of loader 'app')
2025-04-06 01:22:34 [TestNG-test=OrangeHRMTest-1] ERROR ActionDriver - Element is not visible :- class jdk.proxy2.$Proxy28 cannot be cast to class org.openqa.selenium.By (jdk.proxy2.$Proxy28 is in module jdk.proxy2 of loader 'app'; org.openqa.selenium.By is in unnamed module of loader 'app')
2025-04-06 01:22:34 [TestNG-test=OrangeHRMTest-1] ERROR ActionDriver - Element is not visible :- class jdk.proxy2.$Proxy28 cannot be cast to class org.openqa.selenium.By (jdk.proxy2.$Proxy28 is in module jdk.proxy2 of loader 'app'; org.openqa.selenium.By is in unnamed module of loader 'app')
2025-04-06 01:22:34 [TestNG-test=OrangeHRMTest-1] ERROR ActionDriver - Element is not visible :- class jdk.proxy2.$Proxy28 cannot be cast to class org.openqa.selenium.By (jdk.proxy2.$Proxy28 is in module jdk.proxy2 of loader 'app'; org.openqa.selenium.By is in unnamed module of loader 'app')
2025-04-06 01:22:45 [TestNG-test=OrangeHRMTest-1] ERROR BaseClass - This is a Error Message
2025-04-06 01:22:45 [TestNG-test=OrangeHRMTest-1] ERROR ActionDriver - Element is not visible :- class jdk.proxy2.$Proxy28 cannot be cast to class org.openqa.selenium.By (jdk.proxy2.$Proxy28 is in module jdk.proxy2 of loader 'app'; org.openqa.selenium.By is in unnamed module of loader 'app')
2025-04-06 01:25:06 [TestNG-test=OrangeHRMTest-2] ERROR BaseClass - This is a Error Message
2025-04-06 01:25:06 [TestNG-test=OrangeHRMTest-2] ERROR ActionDriver - Element is not visible :- class jdk.proxy2.$Proxy28 cannot be cast to class org.openqa.selenium.By (jdk.proxy2.$Proxy28 is in module jdk.proxy2 of loader 'app'; org.openqa.selenium.By is in unnamed module of loader 'app')
2025-04-06 01:25:07 [TestNG-test=OrangeHRMTest-2] ERROR ActionDriver - Unable to clear text fieldsstale element reference: stale element not found
  (Session info: chrome=134.0.6998.178)
For documentation on this error, please visit: https://www.selenium.dev/documentation/webdriver/troubleshooting/errors#stale-element-reference-exception
Build info: version: '4.28.1', revision: '73f5ad48a2'
System info: os.name: 'Windows 10', os.arch: 'amd64', os.version: '10.0', java.version: '17.0.10'
Driver info: org.openqa.selenium.chrome.ChromeDriver
Command: [4c3f914813da99344289b1b99b3cf858, clearElement {id=f.6D49A2F2009D0BCEA437385A9E219484.d.C7DA42D36DA63B5CCFFDA1FA06F24D3B.e.4}]
Capabilities {acceptInsecureCerts: false, browserName: chrome, browserVersion: 134.0.6998.178, chrome: {chromedriverVersion: 134.0.6998.165 (fd886e2cb29..., userDataDir: C:\Users\acer\AppData\Local...}, fedcm:accounts: true, goog:chromeOptions: {debuggerAddress: localhost:63089}, networkConnectionEnabled: false, pageLoadStrategy: normal, platformName: windows, proxy: Proxy(), se:cdp: ws://localhost:63089/devtoo..., se:cdpVersion: 134.0.6998.178, setWindowRect: true, strictFileInteractability: false, timeouts: {implicit: 0, pageLoad: 300000, script: 30000}, unhandledPromptBehavior: dismiss and notify, webauthn:extension:credBlob: true, webauthn:extension:largeBlob: true, webauthn:extension:minPinLength: true, webauthn:extension:prf: true, webauthn:virtualAuthenticators: true}
Element: [[ChromeDriver: chrome on windows (4c3f914813da99344289b1b99b3cf858)] -> xpath: //input[@name='username']]
Session ID: 4c3f914813da99344289b1b99b3cf858
2025-04-06 01:25:17 [TestNG-test=OrangeHRMTest-2] ERROR ActionDriver - Unable to enter the value :- admin123 no such element: Unable to locate element: {"method":"xpath","selector":"//input[@name='password']"}
  (Session info: chrome=134.0.6998.178)
For documentation on this error, please visit: https://www.selenium.dev/documentation/webdriver/troubleshooting/errors#no-such-element-exception
Build info: version: '4.28.1', revision: '73f5ad48a2'
System info: os.name: 'Windows 10', os.arch: 'amd64', os.version: '10.0', java.version: '17.0.10'
Driver info: org.openqa.selenium.chrome.ChromeDriver
Command: [4c3f914813da99344289b1b99b3cf858, findElement {using=xpath, value=//input[@name='password']}]
Capabilities {acceptInsecureCerts: false, browserName: chrome, browserVersion: 134.0.6998.178, chrome: {chromedriverVersion: 134.0.6998.165 (fd886e2cb29..., userDataDir: C:\Users\acer\AppData\Local...}, fedcm:accounts: true, goog:chromeOptions: {debuggerAddress: localhost:63089}, networkConnectionEnabled: false, pageLoadStrategy: normal, platformName: windows, proxy: Proxy(), se:cdp: ws://localhost:63089/devtoo..., se:cdpVersion: 134.0.6998.178, setWindowRect: true, strictFileInteractability: false, timeouts: {implicit: 0, pageLoad: 300000, script: 30000}, unhandledPromptBehavior: dismiss and notify, webauthn:extension:credBlob: true, webauthn:extension:largeBlob: true, webauthn:extension:minPinLength: true, webauthn:extension:prf: true, webauthn:virtualAuthenticators: true}
Session ID: 4c3f914813da99344289b1b99b3cf858
2025-04-06 01:25:18 [TestNG-test=OrangeHRMTest-2] ERROR ActionDriver - Element is not visible :- class jdk.proxy2.$Proxy28 cannot be cast to class org.openqa.selenium.By (jdk.proxy2.$Proxy28 is in module jdk.proxy2 of loader 'app'; org.openqa.selenium.By is in unnamed module of loader 'app')
2025-04-06 01:25:19 [TestNG-test=OrangeHRMTest-2] ERROR ActionDriver - Element is not displayed :- Build info: version: '4.28.1', revision: '73f5ad48a2'
System info: os.name: 'Windows 10', os.arch: 'amd64', os.version: '10.0', java.version: '17.0.10'
Driver info: org.openqa.selenium.chrome.ChromeDriver
Command: [4c3f914813da99344289b1b99b3cf858, findElement {using=xpath, value=//span[text()='Admin']}]
Capabilities {acceptInsecureCerts: false, browserName: chrome, browserVersion: 134.0.6998.178, chrome: {chromedriverVersion: 134.0.6998.165 (fd886e2cb29..., userDataDir: C:\Users\acer\AppData\Local...}, fedcm:accounts: true, goog:chromeOptions: {debuggerAddress: localhost:63089}, networkConnectionEnabled: false, pageLoadStrategy: normal, platformName: windows, proxy: Proxy(), se:cdp: ws://localhost:63089/devtoo..., se:cdpVersion: 134.0.6998.178, setWindowRect: true, strictFileInteractability: false, timeouts: {implicit: 0, pageLoad: 300000, script: 30000}, unhandledPromptBehavior: dismiss and notify, webauthn:extension:credBlob: true, webauthn:extension:largeBlob: true, webauthn:extension:minPinLength: true, webauthn:extension:prf: true, webauthn:virtualAuthenticators: true}
Session ID: 4c3f914813da99344289b1b99b3cf858
2025-04-06 01:25:25 [TestNG-test=OrangeHRMTest-1] ERROR BaseClass - This is a Error Message
2025-04-06 01:25:26 [TestNG-test=OrangeHRMTest-1] ERROR ActionDriver - Element is not visible :- class jdk.proxy2.$Proxy28 cannot be cast to class org.openqa.selenium.By (jdk.proxy2.$Proxy28 is in module jdk.proxy2 of loader 'app'; org.openqa.selenium.By is in unnamed module of loader 'app')
2025-04-06 01:25:34 [TestNG-test=OrangeHRMTest-1] ERROR BaseClass - This is a Error Message
2025-04-06 01:25:34 [TestNG-test=OrangeHRMTest-1] ERROR ActionDriver - Element is not visible :- class jdk.proxy2.$Proxy28 cannot be cast to class org.openqa.selenium.By (jdk.proxy2.$Proxy28 is in module jdk.proxy2 of loader 'app'; org.openqa.selenium.By is in unnamed module of loader 'app')
2025-04-06 01:25:36 [TestNG-test=OrangeHRMTest-1] ERROR ActionDriver - Element is not visible :- class jdk.proxy2.$Proxy28 cannot be cast to class org.openqa.selenium.By (jdk.proxy2.$Proxy28 is in module jdk.proxy2 of loader 'app'; org.openqa.selenium.By is in unnamed module of loader 'app')
2025-04-06 01:25:36 [TestNG-test=OrangeHRMTest-1] ERROR ActionDriver - Element is not visible :- class jdk.proxy2.$Proxy28 cannot be cast to class org.openqa.selenium.By (jdk.proxy2.$Proxy28 is in module jdk.proxy2 of loader 'app'; org.openqa.selenium.By is in unnamed module of loader 'app')
2025-04-06 01:25:36 [TestNG-test=OrangeHRMTest-1] ERROR ActionDriver - Element is not visible :- class jdk.proxy2.$Proxy28 cannot be cast to class org.openqa.selenium.By (jdk.proxy2.$Proxy28 is in module jdk.proxy2 of loader 'app'; org.openqa.selenium.By is in unnamed module of loader 'app')
2025-04-06 01:25:36 [TestNG-test=OrangeHRMTest-1] ERROR ActionDriver - Element is not visible :- class jdk.proxy2.$Proxy28 cannot be cast to class org.openqa.selenium.By (jdk.proxy2.$Proxy28 is in module jdk.proxy2 of loader 'app'; org.openqa.selenium.By is in unnamed module of loader 'app')
2025-04-06 01:25:48 [TestNG-test=OrangeHRMTest-1] ERROR BaseClass - This is a Error Message
2025-04-06 01:25:48 [TestNG-test=OrangeHRMTest-1] ERROR ActionDriver - Element is not visible :- class jdk.proxy2.$Proxy28 cannot be cast to class org.openqa.selenium.By (jdk.proxy2.$Proxy28 is in module jdk.proxy2 of loader 'app'; org.openqa.selenium.By is in unnamed module of loader 'app')
2025-04-06 01:46:42 [TestNG-test=OrangeHRMTest-2] ERROR BaseClass - This is a Error Message
2025-04-06 01:46:42 [TestNG-test=OrangeHRMTest-2] FATAL BaseClass - This is a Fatal Message
2025-04-06 01:46:42 [TestNG-test=OrangeHRMTest-2] ERROR ActionDriver - Element is not visible :- class jdk.proxy2.$Proxy28 cannot be cast to class org.openqa.selenium.By (jdk.proxy2.$Proxy28 is in module jdk.proxy2 of loader 'app'; org.openqa.selenium.By is in unnamed module of loader 'app')
2025-04-06 01:46:42 [TestNG-test=OrangeHRMTest-1] ERROR BaseClass - This is a Error Message
2025-04-06 01:46:42 [TestNG-test=OrangeHRMTest-1] FATAL BaseClass - This is a Fatal Message
2025-04-06 01:46:43 [TestNG-test=OrangeHRMTest-2] ERROR ActionDriver - Element is not visible :- class jdk.proxy2.$Proxy28 cannot be cast to class org.openqa.selenium.By (jdk.proxy2.$Proxy28 is in module jdk.proxy2 of loader 'app'; org.openqa.selenium.By is in unnamed module of loader 'app')
2025-04-06 01:46:44 [TestNG-test=OrangeHRMTest-2] ERROR ActionDriver - Element is not visible :- class jdk.proxy2.$Proxy28 cannot be cast to class org.openqa.selenium.By (jdk.proxy2.$Proxy28 is in module jdk.proxy2 of loader 'app'; org.openqa.selenium.By is in unnamed module of loader 'app')
2025-04-06 01:46:51 [TestNG-test=OrangeHRMTest-1] ERROR BaseClass - This is a Error Message
2025-04-06 01:46:51 [TestNG-test=OrangeHRMTest-1] FATAL BaseClass - This is a Fatal Message
2025-04-06 01:46:52 [TestNG-test=OrangeHRMTest-1] ERROR ActionDriver - Element is not visible :- class jdk.proxy2.$Proxy28 cannot be cast to class org.openqa.selenium.By (jdk.proxy2.$Proxy28 is in module jdk.proxy2 of loader 'app'; org.openqa.selenium.By is in unnamed module of loader 'app')
2025-04-06 01:47:00 [TestNG-test=OrangeHRMTest-1] ERROR BaseClass - This is a Error Message
2025-04-06 01:47:00 [TestNG-test=OrangeHRMTest-1] FATAL BaseClass - This is a Fatal Message
2025-04-06 01:47:00 [TestNG-test=OrangeHRMTest-1] ERROR ActionDriver - Element is not visible :- class jdk.proxy2.$Proxy28 cannot be cast to class org.openqa.selenium.By (jdk.proxy2.$Proxy28 is in module jdk.proxy2 of loader 'app'; org.openqa.selenium.By is in unnamed module of loader 'app')
2025-04-06 01:47:01 [TestNG-test=OrangeHRMTest-1] ERROR ActionDriver - Element is not visible :- class jdk.proxy2.$Proxy28 cannot be cast to class org.openqa.selenium.By (jdk.proxy2.$Proxy28 is in module jdk.proxy2 of loader 'app'; org.openqa.selenium.By is in unnamed module of loader 'app')
2025-04-06 01:47:02 [TestNG-test=OrangeHRMTest-1] ERROR ActionDriver - Element is not visible :- class jdk.proxy2.$Proxy28 cannot be cast to class org.openqa.selenium.By (jdk.proxy2.$Proxy28 is in module jdk.proxy2 of loader 'app'; org.openqa.selenium.By is in unnamed module of loader 'app')
2025-04-06 01:47:02 [TestNG-test=OrangeHRMTest-1] ERROR ActionDriver - Element is not visible :- class jdk.proxy2.$Proxy28 cannot be cast to class org.openqa.selenium.By (jdk.proxy2.$Proxy28 is in module jdk.proxy2 of loader 'app'; org.openqa.selenium.By is in unnamed module of loader 'app')
2025-04-06 01:47:02 [TestNG-test=OrangeHRMTest-1] ERROR ActionDriver - Element is not visible :- class jdk.proxy2.$Proxy28 cannot be cast to class org.openqa.selenium.By (jdk.proxy2.$Proxy28 is in module jdk.proxy2 of loader 'app'; org.openqa.selenium.By is in unnamed module of loader 'app')
2025-04-06 01:47:13 [TestNG-test=OrangeHRMTest-1] ERROR BaseClass - This is a Error Message
2025-04-06 01:47:13 [TestNG-test=OrangeHRMTest-1] FATAL BaseClass - This is a Fatal Message
2025-04-06 01:47:13 [TestNG-test=OrangeHRMTest-1] ERROR ActionDriver - Element is not visible :- class jdk.proxy2.$Proxy28 cannot be cast to class org.openqa.selenium.By (jdk.proxy2.$Proxy28 is in module jdk.proxy2 of loader 'app'; org.openqa.selenium.By is in unnamed module of loader 'app')
2025-04-06 01:50:02 [TestNG-tests-1] ERROR BaseClass - This is a Error Message
2025-04-06 01:50:02 [TestNG-tests-1] FATAL BaseClass - This is a Fatal Message
2025-04-06 01:50:11 [TestNG-tests-1] ERROR BaseClass - This is a Error Message
2025-04-06 01:50:11 [TestNG-tests-1] FATAL BaseClass - This is a Fatal Message
2025-04-06 01:50:12 [TestNG-tests-1] ERROR ActionDriver - Element is not visible :- class jdk.proxy2.$Proxy28 cannot be cast to class org.openqa.selenium.By (jdk.proxy2.$Proxy28 is in module jdk.proxy2 of loader 'app'; org.openqa.selenium.By is in unnamed module of loader 'app')
2025-04-06 01:50:19 [TestNG-tests-1] ERROR BaseClass - This is a Error Message
2025-04-06 01:50:19 [TestNG-tests-1] FATAL BaseClass - This is a Fatal Message
2025-04-06 01:50:19 [TestNG-tests-1] ERROR ActionDriver - Element is not visible :- class jdk.proxy2.$Proxy28 cannot be cast to class org.openqa.selenium.By (jdk.proxy2.$Proxy28 is in module jdk.proxy2 of loader 'app'; org.openqa.selenium.By is in unnamed module of loader 'app')
2025-04-06 01:50:20 [TestNG-tests-1] ERROR ActionDriver - Element is not visible :- class jdk.proxy2.$Proxy28 cannot be cast to class org.openqa.selenium.By (jdk.proxy2.$Proxy28 is in module jdk.proxy2 of loader 'app'; org.openqa.selenium.By is in unnamed module of loader 'app')
2025-04-06 01:50:21 [TestNG-tests-1] ERROR ActionDriver - Element is not visible :- class jdk.proxy2.$Proxy28 cannot be cast to class org.openqa.selenium.By (jdk.proxy2.$Proxy28 is in module jdk.proxy2 of loader 'app'; org.openqa.selenium.By is in unnamed module of loader 'app')
2025-04-06 01:50:35 [TestNG-tests-1] ERROR BaseClass - This is a Error Message
2025-04-06 01:50:35 [TestNG-tests-1] FATAL BaseClass - This is a Fatal Message
2025-04-06 01:50:35 [TestNG-tests-1] ERROR ActionDriver - Element is not visible :- class jdk.proxy2.$Proxy28 cannot be cast to class org.openqa.selenium.By (jdk.proxy2.$Proxy28 is in module jdk.proxy2 of loader 'app'; org.openqa.selenium.By is in unnamed module of loader 'app')
2025-04-06 01:50:35 [TestNG-tests-1] ERROR ActionDriver - Element is not visible :- class jdk.proxy2.$Proxy28 cannot be cast to class org.openqa.selenium.By (jdk.proxy2.$Proxy28 is in module jdk.proxy2 of loader 'app'; org.openqa.selenium.By is in unnamed module of loader 'app')
2025-04-06 01:50:36 [TestNG-tests-1] ERROR ActionDriver - Element is not visible :- class jdk.proxy2.$Proxy28 cannot be cast to class org.openqa.selenium.By (jdk.proxy2.$Proxy28 is in module jdk.proxy2 of loader 'app'; org.openqa.selenium.By is in unnamed module of loader 'app')
2025-04-06 01:50:36 [TestNG-tests-1] ERROR ActionDriver - Element is not visible :- class jdk.proxy2.$Proxy28 cannot be cast to class org.openqa.selenium.By (jdk.proxy2.$Proxy28 is in module jdk.proxy2 of loader 'app'; org.openqa.selenium.By is in unnamed module of loader 'app')
2025-04-06 01:50:36 [TestNG-tests-1] ERROR ActionDriver - Element is not visible :- class jdk.proxy2.$Proxy28 cannot be cast to class org.openqa.selenium.By (jdk.proxy2.$Proxy28 is in module jdk.proxy2 of loader 'app'; org.openqa.selenium.By is in unnamed module of loader 'app')
2025-04-06 01:50:49 [TestNG-tests-1] ERROR BaseClass - This is a Error Message
2025-04-06 01:50:49 [TestNG-tests-1] FATAL BaseClass - This is a Fatal Message
2025-04-06 01:50:49 [TestNG-tests-1] ERROR ActionDriver - Element is not visible :- class jdk.proxy2.$Proxy28 cannot be cast to class org.openqa.selenium.By (jdk.proxy2.$Proxy28 is in module jdk.proxy2 of loader 'app'; org.openqa.selenium.By is in unnamed module of loader 'app')
2025-04-06 01:54:09 [TestNG-test=OrangeHRMTest-4] ERROR BaseClass - This is a Error Message
2025-04-06 01:54:09 [TestNG-test=OrangeHRMTest-4] FATAL BaseClass - This is a Fatal Message
2025-04-06 01:54:10 [TestNG-test=OrangeHRMTest-4] ERROR ActionDriver - Element is not visible :- class jdk.proxy2.$Proxy28 cannot be cast to class org.openqa.selenium.By (jdk.proxy2.$Proxy28 is in module jdk.proxy2 of loader 'app'; org.openqa.selenium.By is in unnamed module of loader 'app')
2025-04-06 01:54:10 [TestNG-test=OrangeHRMTest-5] ERROR BaseClass - This is a Error Message
2025-04-06 01:54:10 [TestNG-test=OrangeHRMTest-5] FATAL BaseClass - This is a Fatal Message
2025-04-06 01:54:10 [TestNG-test=OrangeHRMTest-5] ERROR ActionDriver - Element is not visible :- class jdk.proxy2.$Proxy28 cannot be cast to class org.openqa.selenium.By (jdk.proxy2.$Proxy28 is in module jdk.proxy2 of loader 'app'; org.openqa.selenium.By is in unnamed module of loader 'app')
2025-04-06 01:54:10 [TestNG-test=OrangeHRMTest-3] ERROR BaseClass - This is a Error Message
2025-04-06 01:54:10 [TestNG-test=OrangeHRMTest-3] FATAL BaseClass - This is a Fatal Message
2025-04-06 01:54:11 [TestNG-test=OrangeHRMTest-3] ERROR ActionDriver - Element is not visible :- class jdk.proxy2.$Proxy28 cannot be cast to class org.openqa.selenium.By (jdk.proxy2.$Proxy28 is in module jdk.proxy2 of loader 'app'; org.openqa.selenium.By is in unnamed module of loader 'app')
2025-04-06 01:54:11 [TestNG-test=OrangeHRMTest-2] ERROR BaseClass - This is a Error Message
2025-04-06 01:54:11 [TestNG-test=OrangeHRMTest-2] FATAL BaseClass - This is a Fatal Message
2025-04-06 01:54:11 [TestNG-test=OrangeHRMTest-1] ERROR BaseClass - This is a Error Message
2025-04-06 01:54:11 [TestNG-test=OrangeHRMTest-1] FATAL BaseClass - This is a Fatal Message
2025-04-06 01:54:11 [TestNG-test=OrangeHRMTest-4] ERROR ActionDriver - Element is not visible :- class jdk.proxy2.$Proxy28 cannot be cast to class org.openqa.selenium.By (jdk.proxy2.$Proxy28 is in module jdk.proxy2 of loader 'app'; org.openqa.selenium.By is in unnamed module of loader 'app')
2025-04-06 01:54:12 [TestNG-test=OrangeHRMTest-4] ERROR ActionDriver - Element is not visible :- class jdk.proxy2.$Proxy28 cannot be cast to class org.openqa.selenium.By (jdk.proxy2.$Proxy28 is in module jdk.proxy2 of loader 'app'; org.openqa.selenium.By is in unnamed module of loader 'app')
2025-04-06 01:54:12 [TestNG-test=OrangeHRMTest-4] ERROR ActionDriver - Element is not visible :- class jdk.proxy2.$Proxy28 cannot be cast to class org.openqa.selenium.By (jdk.proxy2.$Proxy28 is in module jdk.proxy2 of loader 'app'; org.openqa.selenium.By is in unnamed module of loader 'app')
2025-04-06 01:54:12 [TestNG-test=OrangeHRMTest-4] ERROR ActionDriver - Element is not visible :- class jdk.proxy2.$Proxy28 cannot be cast to class org.openqa.selenium.By (jdk.proxy2.$Proxy28 is in module jdk.proxy2 of loader 'app'; org.openqa.selenium.By is in unnamed module of loader 'app')
2025-04-06 01:54:14 [TestNG-test=OrangeHRMTest-3] ERROR ActionDriver - Element is not visible :- class jdk.proxy2.$Proxy28 cannot be cast to class org.openqa.selenium.By (jdk.proxy2.$Proxy28 is in module jdk.proxy2 of loader 'app'; org.openqa.selenium.By is in unnamed module of loader 'app')
2025-04-06 01:54:15 [TestNG-test=OrangeHRMTest-3] ERROR ActionDriver - Element is not visible :- class jdk.proxy2.$Proxy28 cannot be cast to class org.openqa.selenium.By (jdk.proxy2.$Proxy28 is in module jdk.proxy2 of loader 'app'; org.openqa.selenium.By is in unnamed module of loader 'app')
2025-04-06 01:54:15 [TestNG-test=OrangeHRMTest-2] ERROR ActionDriver - Element is not visible :- class jdk.proxy2.$Proxy28 cannot be cast to class org.openqa.selenium.By (jdk.proxy2.$Proxy28 is in module jdk.proxy2 of loader 'app'; org.openqa.selenium.By is in unnamed module of loader 'app')
2025-04-06 01:54:23 [TestNG-test=OrangeHRMTest-5] ERROR ActionDriver - Unable to click element :- no such element: Unable to locate element: {"method":"xpath","selector":"//span[@class='oxd-userdropdown-tab']"}
  (Session info: chrome=134.0.6998.178)
For documentation on this error, please visit: https://www.selenium.dev/documentation/webdriver/troubleshooting/errors#no-such-element-exception
Build info: version: '4.28.1', revision: '73f5ad48a2'
System info: os.name: 'Windows 10', os.arch: 'amd64', os.version: '10.0', java.version: '17.0.10'
Driver info: org.openqa.selenium.chrome.ChromeDriver
Command: [f288ab38774038a4dc7620ea0c4108a0, findElement {value=//span[@class='oxd-userdropdown-tab'], using=xpath}]
Capabilities {acceptInsecureCerts: false, browserName: chrome, browserVersion: 134.0.6998.178, chrome: {chromedriverVersion: 134.0.6998.165 (fd886e2cb29..., userDataDir: C:\Users\acer\AppData\Local...}, fedcm:accounts: true, goog:chromeOptions: {debuggerAddress: localhost:63598}, networkConnectionEnabled: false, pageLoadStrategy: normal, platformName: windows, proxy: Proxy(), se:cdp: ws://localhost:63598/devtoo..., se:cdpVersion: 134.0.6998.178, setWindowRect: true, strictFileInteractability: false, timeouts: {implicit: 0, pageLoad: 300000, script: 30000}, unhandledPromptBehavior: dismiss and notify, webauthn:extension:credBlob: true, webauthn:extension:largeBlob: true, webauthn:extension:minPinLength: true, webauthn:extension:prf: true, webauthn:virtualAuthenticators: true}
Session ID: f288ab38774038a4dc7620ea0c4108a0
2025-04-06 01:54:33 [TestNG-test=OrangeHRMTest-5] ERROR ActionDriver - Unable to click element :- no such element: Unable to locate element: {"method":"xpath","selector":"//a[text()='Logout']"}
  (Session info: chrome=134.0.6998.178)
For documentation on this error, please visit: https://www.selenium.dev/documentation/webdriver/troubleshooting/errors#no-such-element-exception
Build info: version: '4.28.1', revision: '73f5ad48a2'
System info: os.name: 'Windows 10', os.arch: 'amd64', os.version: '10.0', java.version: '17.0.10'
Driver info: org.openqa.selenium.chrome.ChromeDriver
Command: [f288ab38774038a4dc7620ea0c4108a0, findElement {value=//a[text()='Logout'], using=xpath}]
Capabilities {acceptInsecureCerts: false, browserName: chrome, browserVersion: 134.0.6998.178, chrome: {chromedriverVersion: 134.0.6998.165 (fd886e2cb29..., userDataDir: C:\Users\acer\AppData\Local...}, fedcm:accounts: true, goog:chromeOptions: {debuggerAddress: localhost:63598}, networkConnectionEnabled: false, pageLoadStrategy: normal, platformName: windows, proxy: Proxy(), se:cdp: ws://localhost:63598/devtoo..., se:cdpVersion: 134.0.6998.178, setWindowRect: true, strictFileInteractability: false, timeouts: {implicit: 0, pageLoad: 300000, script: 30000}, unhandledPromptBehavior: dismiss and notify, webauthn:extension:credBlob: true, webauthn:extension:largeBlob: true, webauthn:extension:minPinLength: true, webauthn:extension:prf: true, webauthn:virtualAuthenticators: true}
Session ID: f288ab38774038a4dc7620ea0c4108a0
2025-04-06 01:56:39 [TestNG-test=OrangeHRMTest-1] ERROR BaseClass - This is a Error Message
2025-04-06 01:56:39 [TestNG-test=OrangeHRMTest-1] FATAL BaseClass - This is a Fatal Message
2025-04-06 01:56:40 [TestNG-test=OrangeHRMTest-2] ERROR BaseClass - This is a Error Message
2025-04-06 01:56:40 [TestNG-test=OrangeHRMTest-2] FATAL BaseClass - This is a Fatal Message
2025-04-06 01:56:40 [TestNG-test=OrangeHRMTest-2] ERROR ActionDriver - Element is not visible :- class jdk.proxy2.$Proxy28 cannot be cast to class org.openqa.selenium.By (jdk.proxy2.$Proxy28 is in module jdk.proxy2 of loader 'app'; org.openqa.selenium.By is in unnamed module of loader 'app')
2025-04-06 01:56:40 [TestNG-test=OrangeHRMTest-2] ERROR ActionDriver - Element is not visible :- class jdk.proxy2.$Proxy28 cannot be cast to class org.openqa.selenium.By (jdk.proxy2.$Proxy28 is in module jdk.proxy2 of loader 'app'; org.openqa.selenium.By is in unnamed module of loader 'app')
2025-04-06 01:56:42 [TestNG-test=OrangeHRMTest-2] ERROR ActionDriver - Element is not visible :- class jdk.proxy2.$Proxy28 cannot be cast to class org.openqa.selenium.By (jdk.proxy2.$Proxy28 is in module jdk.proxy2 of loader 'app'; org.openqa.selenium.By is in unnamed module of loader 'app')
2025-04-06 01:56:49 [TestNG-test=OrangeHRMTest-1] ERROR BaseClass - This is a Error Message
2025-04-06 01:56:49 [TestNG-test=OrangeHRMTest-1] FATAL BaseClass - This is a Fatal Message
2025-04-06 01:56:50 [TestNG-test=OrangeHRMTest-1] ERROR ActionDriver - Element is not visible :- class jdk.proxy2.$Proxy28 cannot be cast to class org.openqa.selenium.By (jdk.proxy2.$Proxy28 is in module jdk.proxy2 of loader 'app'; org.openqa.selenium.By is in unnamed module of loader 'app')
2025-04-06 01:56:57 [TestNG-test=OrangeHRMTest-1] ERROR BaseClass - This is a Error Message
2025-04-06 01:56:57 [TestNG-test=OrangeHRMTest-1] FATAL BaseClass - This is a Fatal Message
2025-04-06 01:56:57 [TestNG-test=OrangeHRMTest-1] ERROR ActionDriver - Element is not visible :- class jdk.proxy2.$Proxy28 cannot be cast to class org.openqa.selenium.By (jdk.proxy2.$Proxy28 is in module jdk.proxy2 of loader 'app'; org.openqa.selenium.By is in unnamed module of loader 'app')
2025-04-06 01:56:58 [TestNG-test=OrangeHRMTest-1] ERROR ActionDriver - Element is not visible :- class jdk.proxy2.$Proxy28 cannot be cast to class org.openqa.selenium.By (jdk.proxy2.$Proxy28 is in module jdk.proxy2 of loader 'app'; org.openqa.selenium.By is in unnamed module of loader 'app')
2025-04-06 01:56:59 [TestNG-test=OrangeHRMTest-1] ERROR ActionDriver - Element is not visible :- class jdk.proxy2.$Proxy28 cannot be cast to class org.openqa.selenium.By (jdk.proxy2.$Proxy28 is in module jdk.proxy2 of loader 'app'; org.openqa.selenium.By is in unnamed module of loader 'app')
2025-04-06 01:56:59 [TestNG-test=OrangeHRMTest-1] ERROR ActionDriver - Element is not visible :- class jdk.proxy2.$Proxy28 cannot be cast to class org.openqa.selenium.By (jdk.proxy2.$Proxy28 is in module jdk.proxy2 of loader 'app'; org.openqa.selenium.By is in unnamed module of loader 'app')
2025-04-06 01:56:59 [TestNG-test=OrangeHRMTest-1] ERROR ActionDriver - Element is not visible :- class jdk.proxy2.$Proxy28 cannot be cast to class org.openqa.selenium.By (jdk.proxy2.$Proxy28 is in module jdk.proxy2 of loader 'app'; org.openqa.selenium.By is in unnamed module of loader 'app')
2025-04-06 01:57:10 [TestNG-test=OrangeHRMTest-1] ERROR BaseClass - This is a Error Message
2025-04-06 01:57:10 [TestNG-test=OrangeHRMTest-1] FATAL BaseClass - This is a Fatal Message
2025-04-06 01:57:10 [TestNG-test=OrangeHRMTest-1] ERROR ActionDriver - Element is not visible :- class jdk.proxy2.$Proxy28 cannot be cast to class org.openqa.selenium.By (jdk.proxy2.$Proxy28 is in module jdk.proxy2 of loader 'app'; org.openqa.selenium.By is in unnamed module of loader 'app')
2025-04-06 02:03:30 [TestNG-test=OrangeHRMTest-2] ERROR BaseClass - This is a Error Message
2025-04-06 02:03:30 [TestNG-test=OrangeHRMTest-2] FATAL BaseClass - This is a Fatal Message
2025-04-06 02:03:31 [TestNG-test=OrangeHRMTest-3] ERROR BaseClass - This is a Error Message
2025-04-06 02:03:31 [TestNG-test=OrangeHRMTest-3] FATAL BaseClass - This is a Fatal Message
2025-04-06 02:03:31 [TestNG-test=OrangeHRMTest-3] ERROR ActionDriver - Element is not visible :- class jdk.proxy2.$Proxy28 cannot be cast to class org.openqa.selenium.By (jdk.proxy2.$Proxy28 is in module jdk.proxy2 of loader 'app'; org.openqa.selenium.By is in unnamed module of loader 'app')
2025-04-06 02:03:32 [TestNG-test=OrangeHRMTest-2] ERROR ActionDriver - Element is not visible :- class jdk.proxy2.$Proxy28 cannot be cast to class org.openqa.selenium.By (jdk.proxy2.$Proxy28 is in module jdk.proxy2 of loader 'app'; org.openqa.selenium.By is in unnamed module of loader 'app')
2025-04-06 02:03:33 [TestNG-test=OrangeHRMTest-3] ERROR ActionDriver - Element is not visible :- class jdk.proxy2.$Proxy28 cannot be cast to class org.openqa.selenium.By (jdk.proxy2.$Proxy28 is in module jdk.proxy2 of loader 'app'; org.openqa.selenium.By is in unnamed module of loader 'app')
2025-04-06 02:03:34 [TestNG-test=OrangeHRMTest-3] ERROR ActionDriver - Element is not visible :- class jdk.proxy2.$Proxy28 cannot be cast to class org.openqa.selenium.By (jdk.proxy2.$Proxy28 is in module jdk.proxy2 of loader 'app'; org.openqa.selenium.By is in unnamed module of loader 'app')
2025-04-06 02:03:39 [TestNG-test=OrangeHRMTest-1] ERROR BaseClass - This is a Error Message
2025-04-06 02:03:39 [TestNG-test=OrangeHRMTest-1] FATAL BaseClass - This is a Fatal Message
2025-04-06 02:03:48 [TestNG-test=OrangeHRMTest-5] ERROR BaseClass - This is a Error Message
2025-04-06 02:03:48 [TestNG-test=OrangeHRMTest-5] FATAL BaseClass - This is a Fatal Message
2025-04-06 02:03:48 [TestNG-test=OrangeHRMTest-5] ERROR ActionDriver - Element is not visible :- class jdk.proxy2.$Proxy28 cannot be cast to class org.openqa.selenium.By (jdk.proxy2.$Proxy28 is in module jdk.proxy2 of loader 'app'; org.openqa.selenium.By is in unnamed module of loader 'app')
2025-04-06 02:03:55 [TestNG-test=OrangeHRMTest-4] ERROR BaseClass - This is a Error Message
2025-04-06 02:03:55 [TestNG-test=OrangeHRMTest-4] FATAL BaseClass - This is a Fatal Message
2025-04-06 02:03:55 [TestNG-test=OrangeHRMTest-4] ERROR ActionDriver - Element is not visible :- class jdk.proxy2.$Proxy28 cannot be cast to class org.openqa.selenium.By (jdk.proxy2.$Proxy28 is in module jdk.proxy2 of loader 'app'; org.openqa.selenium.By is in unnamed module of loader 'app')
2025-04-06 02:03:57 [TestNG-test=OrangeHRMTest-4] ERROR ActionDriver - Element is not visible :- class jdk.proxy2.$Proxy28 cannot be cast to class org.openqa.selenium.By (jdk.proxy2.$Proxy28 is in module jdk.proxy2 of loader 'app'; org.openqa.selenium.By is in unnamed module of loader 'app')
2025-04-06 02:03:57 [TestNG-test=OrangeHRMTest-4] ERROR ActionDriver - Element is not visible :- class jdk.proxy2.$Proxy28 cannot be cast to class org.openqa.selenium.By (jdk.proxy2.$Proxy28 is in module jdk.proxy2 of loader 'app'; org.openqa.selenium.By is in unnamed module of loader 'app')
2025-04-06 02:03:57 [TestNG-test=OrangeHRMTest-4] ERROR ActionDriver - Element is not visible :- class jdk.proxy2.$Proxy28 cannot be cast to class org.openqa.selenium.By (jdk.proxy2.$Proxy28 is in module jdk.proxy2 of loader 'app'; org.openqa.selenium.By is in unnamed module of loader 'app')
2025-04-06 02:03:57 [TestNG-test=OrangeHRMTest-4] ERROR ActionDriver - Element is not visible :- class jdk.proxy2.$Proxy28 cannot be cast to class org.openqa.selenium.By (jdk.proxy2.$Proxy28 is in module jdk.proxy2 of loader 'app'; org.openqa.selenium.By is in unnamed module of loader 'app')
2025-04-06 02:09:17 [TestNG-tests-1] ERROR BaseClass - This is a Error Message
2025-04-06 02:09:17 [TestNG-tests-1] FATAL BaseClass - This is a Fatal Message
2025-04-06 02:09:25 [TestNG-tests-1] ERROR BaseClass - This is a Error Message
2025-04-06 02:09:25 [TestNG-tests-1] FATAL BaseClass - This is a Fatal Message
2025-04-06 02:09:26 [TestNG-tests-1] ERROR ActionDriver - Element is not visible :- class jdk.proxy2.$Proxy28 cannot be cast to class org.openqa.selenium.By (jdk.proxy2.$Proxy28 is in module jdk.proxy2 of loader 'app'; org.openqa.selenium.By is in unnamed module of loader 'app')
2025-04-06 02:09:34 [TestNG-tests-1] ERROR BaseClass - This is a Error Message
2025-04-06 02:09:34 [TestNG-tests-1] FATAL BaseClass - This is a Fatal Message
2025-04-06 02:09:34 [TestNG-tests-1] ERROR ActionDriver - Element is not visible :- class jdk.proxy2.$Proxy28 cannot be cast to class org.openqa.selenium.By (jdk.proxy2.$Proxy28 is in module jdk.proxy2 of loader 'app'; org.openqa.selenium.By is in unnamed module of loader 'app')
2025-04-06 02:09:34 [TestNG-tests-1] ERROR ActionDriver - Element is not visible :- class jdk.proxy2.$Proxy28 cannot be cast to class org.openqa.selenium.By (jdk.proxy2.$Proxy28 is in module jdk.proxy2 of loader 'app'; org.openqa.selenium.By is in unnamed module of loader 'app')
2025-04-06 02:09:36 [TestNG-tests-1] ERROR ActionDriver - Element is not visible :- class jdk.proxy2.$Proxy28 cannot be cast to class org.openqa.selenium.By (jdk.proxy2.$Proxy28 is in module jdk.proxy2 of loader 'app'; org.openqa.selenium.By is in unnamed module of loader 'app')
2025-04-06 02:09:50 [TestNG-tests-1] ERROR BaseClass - This is a Error Message
2025-04-06 02:09:50 [TestNG-tests-1] FATAL BaseClass - This is a Fatal Message
2025-04-06 02:09:50 [TestNG-tests-1] ERROR ActionDriver - Element is not visible :- class jdk.proxy2.$Proxy28 cannot be cast to class org.openqa.selenium.By (jdk.proxy2.$Proxy28 is in module jdk.proxy2 of loader 'app'; org.openqa.selenium.By is in unnamed module of loader 'app')
2025-04-06 02:09:51 [TestNG-tests-1] ERROR ActionDriver - Element is not visible :- class jdk.proxy2.$Proxy28 cannot be cast to class org.openqa.selenium.By (jdk.proxy2.$Proxy28 is in module jdk.proxy2 of loader 'app'; org.openqa.selenium.By is in unnamed module of loader 'app')
2025-04-06 02:09:51 [TestNG-tests-1] ERROR ActionDriver - Element is not visible :- class jdk.proxy2.$Proxy28 cannot be cast to class org.openqa.selenium.By (jdk.proxy2.$Proxy28 is in module jdk.proxy2 of loader 'app'; org.openqa.selenium.By is in unnamed module of loader 'app')
2025-04-06 02:09:51 [TestNG-tests-1] ERROR ActionDriver - Element is not visible :- class jdk.proxy2.$Proxy28 cannot be cast to class org.openqa.selenium.By (jdk.proxy2.$Proxy28 is in module jdk.proxy2 of loader 'app'; org.openqa.selenium.By is in unnamed module of loader 'app')
2025-04-06 02:09:51 [TestNG-tests-1] ERROR ActionDriver - Element is not visible :- class jdk.proxy2.$Proxy28 cannot be cast to class org.openqa.selenium.By (jdk.proxy2.$Proxy28 is in module jdk.proxy2 of loader 'app'; org.openqa.selenium.By is in unnamed module of loader 'app')
2025-04-06 02:10:03 [TestNG-tests-1] ERROR BaseClass - This is a Error Message
2025-04-06 02:10:03 [TestNG-tests-1] FATAL BaseClass - This is a Fatal Message
2025-04-06 02:10:03 [TestNG-tests-1] ERROR ActionDriver - Element is not visible :- class jdk.proxy2.$Proxy28 cannot be cast to class org.openqa.selenium.By (jdk.proxy2.$Proxy28 is in module jdk.proxy2 of loader 'app'; org.openqa.selenium.By is in unnamed module of loader 'app')
2025-04-06 02:10:58 [TestNG-test=OrangeHRMTest-1] ERROR BaseClass - This is a Error Message
2025-04-06 02:10:58 [TestNG-test=OrangeHRMTest-1] FATAL BaseClass - This is a Fatal Message
2025-04-06 02:10:59 [TestNG-test=OrangeHRMTest-2] ERROR BaseClass - This is a Error Message
2025-04-06 02:10:59 [TestNG-test=OrangeHRMTest-2] FATAL BaseClass - This is a Fatal Message
2025-04-06 02:10:59 [TestNG-test=OrangeHRMTest-2] ERROR ActionDriver - Element is not visible :- class jdk.proxy2.$Proxy28 cannot be cast to class org.openqa.selenium.By (jdk.proxy2.$Proxy28 is in module jdk.proxy2 of loader 'app'; org.openqa.selenium.By is in unnamed module of loader 'app')
2025-04-06 02:10:59 [TestNG-test=OrangeHRMTest-2] ERROR ActionDriver - Element is not visible :- class jdk.proxy2.$Proxy28 cannot be cast to class org.openqa.selenium.By (jdk.proxy2.$Proxy28 is in module jdk.proxy2 of loader 'app'; org.openqa.selenium.By is in unnamed module of loader 'app')
2025-04-06 02:11:01 [TestNG-test=OrangeHRMTest-2] ERROR ActionDriver - Element is not visible :- class jdk.proxy2.$Proxy28 cannot be cast to class org.openqa.selenium.By (jdk.proxy2.$Proxy28 is in module jdk.proxy2 of loader 'app'; org.openqa.selenium.By is in unnamed module of loader 'app')
2025-04-06 02:11:07 [TestNG-test=OrangeHRMTest-1] ERROR BaseClass - This is a Error Message
2025-04-06 02:11:07 [TestNG-test=OrangeHRMTest-1] FATAL BaseClass - This is a Fatal Message
2025-04-06 02:11:08 [TestNG-test=OrangeHRMTest-1] ERROR ActionDriver - Element is not visible :- class jdk.proxy2.$Proxy28 cannot be cast to class org.openqa.selenium.By (jdk.proxy2.$Proxy28 is in module jdk.proxy2 of loader 'app'; org.openqa.selenium.By is in unnamed module of loader 'app')
2025-04-06 02:11:16 [TestNG-test=OrangeHRMTest-1] ERROR BaseClass - This is a Error Message
2025-04-06 02:11:16 [TestNG-test=OrangeHRMTest-1] FATAL BaseClass - This is a Fatal Message
2025-04-06 02:11:16 [TestNG-test=OrangeHRMTest-1] ERROR ActionDriver - Element is not visible :- class jdk.proxy2.$Proxy28 cannot be cast to class org.openqa.selenium.By (jdk.proxy2.$Proxy28 is in module jdk.proxy2 of loader 'app'; org.openqa.selenium.By is in unnamed module of loader 'app')
2025-04-06 02:11:17 [TestNG-test=OrangeHRMTest-1] ERROR ActionDriver - Element is not visible :- class jdk.proxy2.$Proxy28 cannot be cast to class org.openqa.selenium.By (jdk.proxy2.$Proxy28 is in module jdk.proxy2 of loader 'app'; org.openqa.selenium.By is in unnamed module of loader 'app')
2025-04-06 02:11:18 [TestNG-test=OrangeHRMTest-1] ERROR ActionDriver - Element is not visible :- class jdk.proxy2.$Proxy28 cannot be cast to class org.openqa.selenium.By (jdk.proxy2.$Proxy28 is in module jdk.proxy2 of loader 'app'; org.openqa.selenium.By is in unnamed module of loader 'app')
2025-04-06 02:11:18 [TestNG-test=OrangeHRMTest-1] ERROR ActionDriver - Element is not visible :- class jdk.proxy2.$Proxy28 cannot be cast to class org.openqa.selenium.By (jdk.proxy2.$Proxy28 is in module jdk.proxy2 of loader 'app'; org.openqa.selenium.By is in unnamed module of loader 'app')
2025-04-06 02:11:18 [TestNG-test=OrangeHRMTest-1] ERROR ActionDriver - Element is not visible :- class jdk.proxy2.$Proxy28 cannot be cast to class org.openqa.selenium.By (jdk.proxy2.$Proxy28 is in module jdk.proxy2 of loader 'app'; org.openqa.selenium.By is in unnamed module of loader 'app')
2025-04-06 02:11:31 [TestNG-test=OrangeHRMTest-1] ERROR BaseClass - This is a Error Message
2025-04-06 02:11:31 [TestNG-test=OrangeHRMTest-1] FATAL BaseClass - This is a Fatal Message
2025-04-06 02:11:31 [TestNG-test=OrangeHRMTest-1] ERROR ActionDriver - Element is not visible :- class jdk.proxy2.$Proxy28 cannot be cast to class org.openqa.selenium.By (jdk.proxy2.$Proxy28 is in module jdk.proxy2 of loader 'app'; org.openqa.selenium.By is in unnamed module of loader 'app')
2025-04-06 17:01:03 [main] ERROR BaseClass - This is a Error Message
2025-04-06 17:01:03 [main] FATAL BaseClass - This is a Fatal Message
2025-04-06 17:08:29 [main] ERROR BaseClass - This is a Error Message
2025-04-06 17:08:29 [main] FATAL BaseClass - This is a Fatal Message
2025-04-06 17:08:29 [main] ERROR ActionDriver - Element is not visible :- class jdk.proxy2.$Proxy28 cannot be cast to class org.openqa.selenium.By (jdk.proxy2.$Proxy28 is in module jdk.proxy2 of loader 'app'; org.openqa.selenium.By is in unnamed module of loader 'app')
2025-04-06 17:08:30 [main] ERROR ActionDriver - Element is not visible :- class jdk.proxy2.$Proxy28 cannot be cast to class org.openqa.selenium.By (jdk.proxy2.$Proxy28 is in module jdk.proxy2 of loader 'app'; org.openqa.selenium.By is in unnamed module of loader 'app')
2025-04-06 17:08:30 [main] ERROR ActionDriver - Element is not visible :- class jdk.proxy2.$Proxy28 cannot be cast to class org.openqa.selenium.By (jdk.proxy2.$Proxy28 is in module jdk.proxy2 of loader 'app'; org.openqa.selenium.By is in unnamed module of loader 'app')
2025-04-06 17:08:30 [main] ERROR ActionDriver - Element is not visible :- class jdk.proxy2.$Proxy28 cannot be cast to class org.openqa.selenium.By (jdk.proxy2.$Proxy28 is in module jdk.proxy2 of loader 'app'; org.openqa.selenium.By is in unnamed module of loader 'app')
2025-04-06 17:08:30 [main] ERROR ActionDriver - Element is not visible :- class jdk.proxy2.$Proxy28 cannot be cast to class org.openqa.selenium.By (jdk.proxy2.$Proxy28 is in module jdk.proxy2 of loader 'app'; org.openqa.selenium.By is in unnamed module of loader 'app')
2025-04-06 17:09:12 [TestNG-test=OrangeHRMTest-1] ERROR BaseClass - This is a Error Message
2025-04-06 17:09:12 [TestNG-test=OrangeHRMTest-1] FATAL BaseClass - This is a Fatal Message
2025-04-06 17:09:12 [TestNG-test=OrangeHRMTest-2] ERROR BaseClass - This is a Error Message
2025-04-06 17:09:12 [TestNG-test=OrangeHRMTest-2] FATAL BaseClass - This is a Fatal Message
2025-04-06 17:09:12 [TestNG-test=OrangeHRMTest-2] ERROR ActionDriver - Element is not visible :- class jdk.proxy2.$Proxy28 cannot be cast to class org.openqa.selenium.By (jdk.proxy2.$Proxy28 is in module jdk.proxy2 of loader 'app'; org.openqa.selenium.By is in unnamed module of loader 'app')
2025-04-06 17:09:14 [TestNG-test=OrangeHRMTest-2] ERROR ActionDriver - Element is not visible :- class jdk.proxy2.$Proxy28 cannot be cast to class org.openqa.selenium.By (jdk.proxy2.$Proxy28 is in module jdk.proxy2 of loader 'app'; org.openqa.selenium.By is in unnamed module of loader 'app')
2025-04-06 17:09:14 [TestNG-test=OrangeHRMTest-2] ERROR ActionDriver - Element is not visible :- class jdk.proxy2.$Proxy28 cannot be cast to class org.openqa.selenium.By (jdk.proxy2.$Proxy28 is in module jdk.proxy2 of loader 'app'; org.openqa.selenium.By is in unnamed module of loader 'app')
2025-04-06 17:09:21 [TestNG-test=OrangeHRMTest-1] ERROR BaseClass - This is a Error Message
2025-04-06 17:09:21 [TestNG-test=OrangeHRMTest-1] FATAL BaseClass - This is a Fatal Message
2025-04-06 17:09:22 [TestNG-test=OrangeHRMTest-1] ERROR ActionDriver - Element is not visible :- class jdk.proxy2.$Proxy28 cannot be cast to class org.openqa.selenium.By (jdk.proxy2.$Proxy28 is in module jdk.proxy2 of loader 'app'; org.openqa.selenium.By is in unnamed module of loader 'app')
2025-04-06 17:09:29 [TestNG-test=OrangeHRMTest-1] ERROR BaseClass - This is a Error Message
2025-04-06 17:09:29 [TestNG-test=OrangeHRMTest-1] FATAL BaseClass - This is a Fatal Message
2025-04-06 17:09:29 [TestNG-test=OrangeHRMTest-1] ERROR ActionDriver - Element is not visible :- class jdk.proxy2.$Proxy28 cannot be cast to class org.openqa.selenium.By (jdk.proxy2.$Proxy28 is in module jdk.proxy2 of loader 'app'; org.openqa.selenium.By is in unnamed module of loader 'app')
2025-04-06 17:09:31 [TestNG-test=OrangeHRMTest-1] ERROR ActionDriver - Element is not visible :- class jdk.proxy2.$Proxy28 cannot be cast to class org.openqa.selenium.By (jdk.proxy2.$Proxy28 is in module jdk.proxy2 of loader 'app'; org.openqa.selenium.By is in unnamed module of loader 'app')
2025-04-06 17:09:31 [TestNG-test=OrangeHRMTest-1] ERROR ActionDriver - Element is not visible :- class jdk.proxy2.$Proxy28 cannot be cast to class org.openqa.selenium.By (jdk.proxy2.$Proxy28 is in module jdk.proxy2 of loader 'app'; org.openqa.selenium.By is in unnamed module of loader 'app')
2025-04-06 17:09:31 [TestNG-test=OrangeHRMTest-1] ERROR ActionDriver - Element is not visible :- class jdk.proxy2.$Proxy28 cannot be cast to class org.openqa.selenium.By (jdk.proxy2.$Proxy28 is in module jdk.proxy2 of loader 'app'; org.openqa.selenium.By is in unnamed module of loader 'app')
2025-04-06 17:09:31 [TestNG-test=OrangeHRMTest-1] ERROR ActionDriver - Element is not visible :- class jdk.proxy2.$Proxy28 cannot be cast to class org.openqa.selenium.By (jdk.proxy2.$Proxy28 is in module jdk.proxy2 of loader 'app'; org.openqa.selenium.By is in unnamed module of loader 'app')
2025-04-06 17:09:42 [TestNG-test=OrangeHRMTest-1] ERROR BaseClass - This is a Error Message
2025-04-06 17:09:42 [TestNG-test=OrangeHRMTest-1] FATAL BaseClass - This is a Fatal Message
2025-04-06 17:09:42 [TestNG-test=OrangeHRMTest-1] ERROR ActionDriver - Element is not visible :- class jdk.proxy2.$Proxy28 cannot be cast to class org.openqa.selenium.By (jdk.proxy2.$Proxy28 is in module jdk.proxy2 of loader 'app'; org.openqa.selenium.By is in unnamed module of loader 'app')
2025-04-06 17:10:58 [TestNG-test=OrangeHRMTest-1] ERROR BaseClass - This is a Error Message
2025-04-06 17:10:58 [TestNG-test=OrangeHRMTest-1] FATAL BaseClass - This is a Fatal Message
2025-04-06 17:10:58 [TestNG-test=OrangeHRMTest-2] ERROR BaseClass - This is a Error Message
2025-04-06 17:10:58 [TestNG-test=OrangeHRMTest-2] FATAL BaseClass - This is a Fatal Message
2025-04-06 17:10:58 [TestNG-test=OrangeHRMTest-2] ERROR ActionDriver - Element is not visible :- class jdk.proxy2.$Proxy28 cannot be cast to class org.openqa.selenium.By (jdk.proxy2.$Proxy28 is in module jdk.proxy2 of loader 'app'; org.openqa.selenium.By is in unnamed module of loader 'app')
2025-04-06 17:11:00 [TestNG-test=OrangeHRMTest-2] ERROR ActionDriver - Element is not visible :- class jdk.proxy2.$Proxy28 cannot be cast to class org.openqa.selenium.By (jdk.proxy2.$Proxy28 is in module jdk.proxy2 of loader 'app'; org.openqa.selenium.By is in unnamed module of loader 'app')
2025-04-06 17:11:00 [TestNG-test=OrangeHRMTest-2] ERROR ActionDriver - Element is not visible :- class jdk.proxy2.$Proxy28 cannot be cast to class org.openqa.selenium.By (jdk.proxy2.$Proxy28 is in module jdk.proxy2 of loader 'app'; org.openqa.selenium.By is in unnamed module of loader 'app')
2025-04-06 17:11:06 [TestNG-test=OrangeHRMTest-1] ERROR BaseClass - This is a Error Message
2025-04-06 17:11:06 [TestNG-test=OrangeHRMTest-1] FATAL BaseClass - This is a Fatal Message
2025-04-06 17:11:07 [TestNG-test=OrangeHRMTest-1] ERROR ActionDriver - Element is not visible :- class jdk.proxy2.$Proxy28 cannot be cast to class org.openqa.selenium.By (jdk.proxy2.$Proxy28 is in module jdk.proxy2 of loader 'app'; org.openqa.selenium.By is in unnamed module of loader 'app')
2025-04-06 17:11:15 [TestNG-test=OrangeHRMTest-1] ERROR BaseClass - This is a Error Message
2025-04-06 17:11:15 [TestNG-test=OrangeHRMTest-1] FATAL BaseClass - This is a Fatal Message
2025-04-06 17:11:15 [TestNG-test=OrangeHRMTest-1] ERROR ActionDriver - Element is not visible :- class jdk.proxy2.$Proxy28 cannot be cast to class org.openqa.selenium.By (jdk.proxy2.$Proxy28 is in module jdk.proxy2 of loader 'app'; org.openqa.selenium.By is in unnamed module of loader 'app')
2025-04-06 17:11:16 [TestNG-test=OrangeHRMTest-1] ERROR ActionDriver - Element is not visible :- class jdk.proxy2.$Proxy28 cannot be cast to class org.openqa.selenium.By (jdk.proxy2.$Proxy28 is in module jdk.proxy2 of loader 'app'; org.openqa.selenium.By is in unnamed module of loader 'app')
2025-04-06 17:11:16 [TestNG-test=OrangeHRMTest-1] ERROR ActionDriver - Element is not visible :- class jdk.proxy2.$Proxy28 cannot be cast to class org.openqa.selenium.By (jdk.proxy2.$Proxy28 is in module jdk.proxy2 of loader 'app'; org.openqa.selenium.By is in unnamed module of loader 'app')
2025-04-06 17:11:16 [TestNG-test=OrangeHRMTest-1] ERROR ActionDriver - Element is not visible :- class jdk.proxy2.$Proxy28 cannot be cast to class org.openqa.selenium.By (jdk.proxy2.$Proxy28 is in module jdk.proxy2 of loader 'app'; org.openqa.selenium.By is in unnamed module of loader 'app')
2025-04-06 17:11:16 [TestNG-test=OrangeHRMTest-1] ERROR ActionDriver - Element is not visible :- class jdk.proxy2.$Proxy28 cannot be cast to class org.openqa.selenium.By (jdk.proxy2.$Proxy28 is in module jdk.proxy2 of loader 'app'; org.openqa.selenium.By is in unnamed module of loader 'app')
2025-04-06 17:11:28 [TestNG-test=OrangeHRMTest-1] ERROR BaseClass - This is a Error Message
2025-04-06 17:11:28 [TestNG-test=OrangeHRMTest-1] FATAL BaseClass - This is a Fatal Message
2025-04-06 17:11:28 [TestNG-test=OrangeHRMTest-1] ERROR ActionDriver - Element is not visible :- class jdk.proxy2.$Proxy28 cannot be cast to class org.openqa.selenium.By (jdk.proxy2.$Proxy28 is in module jdk.proxy2 of loader 'app'; org.openqa.selenium.By is in unnamed module of loader 'app')
2025-04-06 17:14:22 [main] ERROR BaseClass - This is a Error Message
2025-04-06 17:14:22 [main] FATAL BaseClass - This is a Fatal Message
2025-04-06 17:14:22 [main] ERROR ActionDriver - Element is not visible :- class jdk.proxy2.$Proxy28 cannot be cast to class org.openqa.selenium.By (jdk.proxy2.$Proxy28 is in module jdk.proxy2 of loader 'app'; org.openqa.selenium.By is in unnamed module of loader 'app')
2025-04-06 17:14:23 [main] ERROR ActionDriver - Element is not visible :- class jdk.proxy2.$Proxy28 cannot be cast to class org.openqa.selenium.By (jdk.proxy2.$Proxy28 is in module jdk.proxy2 of loader 'app'; org.openqa.selenium.By is in unnamed module of loader 'app')
2025-04-06 17:14:23 [main] ERROR ActionDriver - Element is not visible :- class jdk.proxy2.$Proxy28 cannot be cast to class org.openqa.selenium.By (jdk.proxy2.$Proxy28 is in module jdk.proxy2 of loader 'app'; org.openqa.selenium.By is in unnamed module of loader 'app')
2025-04-06 17:14:23 [main] ERROR ActionDriver - Element is not visible :- class jdk.proxy2.$Proxy28 cannot be cast to class org.openqa.selenium.By (jdk.proxy2.$Proxy28 is in module jdk.proxy2 of loader 'app'; org.openqa.selenium.By is in unnamed module of loader 'app')
2025-04-06 17:14:23 [main] ERROR ActionDriver - Element is not visible :- class jdk.proxy2.$Proxy28 cannot be cast to class org.openqa.selenium.By (jdk.proxy2.$Proxy28 is in module jdk.proxy2 of loader 'app'; org.openqa.selenium.By is in unnamed module of loader 'app')
2025-04-06 17:18:59 [main] ERROR BaseClass - This is a Error Message
2025-04-06 17:18:59 [main] FATAL BaseClass - This is a Fatal Message
2025-04-06 17:18:59 [main] ERROR ActionDriver - Element is not visible :- class jdk.proxy2.$Proxy28 cannot be cast to class org.openqa.selenium.By (jdk.proxy2.$Proxy28 is in module jdk.proxy2 of loader 'app'; org.openqa.selenium.By is in unnamed module of loader 'app')
2025-04-06 17:20:14 [main] ERROR BaseClass - This is a Error Message
2025-04-06 17:20:14 [main] FATAL BaseClass - This is a Fatal Message
2025-04-06 17:20:14 [main] ERROR ActionDriver - Element is not visible :- class jdk.proxy2.$Proxy28 cannot be cast to class org.openqa.selenium.By (jdk.proxy2.$Proxy28 is in module jdk.proxy2 of loader 'app'; org.openqa.selenium.By is in unnamed module of loader 'app')
2025-04-06 17:20:15 [main] ERROR ActionDriver - Element is not visible :- class jdk.proxy2.$Proxy28 cannot be cast to class org.openqa.selenium.By (jdk.proxy2.$Proxy28 is in module jdk.proxy2 of loader 'app'; org.openqa.selenium.By is in unnamed module of loader 'app')
2025-04-06 17:20:16 [main] ERROR ActionDriver - Element is not visible :- class jdk.proxy2.$Proxy28 cannot be cast to class org.openqa.selenium.By (jdk.proxy2.$Proxy28 is in module jdk.proxy2 of loader 'app'; org.openqa.selenium.By is in unnamed module of loader 'app')
2025-04-06 17:20:16 [main] ERROR ActionDriver - Element is not visible :- class jdk.proxy2.$Proxy28 cannot be cast to class org.openqa.selenium.By (jdk.proxy2.$Proxy28 is in module jdk.proxy2 of loader 'app'; org.openqa.selenium.By is in unnamed module of loader 'app')
2025-04-06 17:20:16 [main] ERROR ActionDriver - Element is not visible :- class jdk.proxy2.$Proxy28 cannot be cast to class org.openqa.selenium.By (jdk.proxy2.$Proxy28 is in module jdk.proxy2 of loader 'app'; org.openqa.selenium.By is in unnamed module of loader 'app')
2025-04-06 17:23:07 [TestNG-test=OrangeHRMTest-2] ERROR BaseClass - This is a Error Message
2025-04-06 17:23:07 [TestNG-test=OrangeHRMTest-2] FATAL BaseClass - This is a Fatal Message
2025-04-06 17:23:07 [TestNG-test=OrangeHRMTest-2] ERROR ActionDriver - Element is not visible :- class jdk.proxy2.$Proxy28 cannot be cast to class org.openqa.selenium.By (jdk.proxy2.$Proxy28 is in module jdk.proxy2 of loader 'app'; org.openqa.selenium.By is in unnamed module of loader 'app')
2025-04-06 17:23:08 [TestNG-test=OrangeHRMTest-1] ERROR BaseClass - This is a Error Message
2025-04-06 17:23:08 [TestNG-test=OrangeHRMTest-1] FATAL BaseClass - This is a Fatal Message
2025-04-06 17:23:09 [TestNG-test=OrangeHRMTest-2] ERROR ActionDriver - Element is not visible :- class jdk.proxy2.$Proxy28 cannot be cast to class org.openqa.selenium.By (jdk.proxy2.$Proxy28 is in module jdk.proxy2 of loader 'app'; org.openqa.selenium.By is in unnamed module of loader 'app')
2025-04-06 17:23:09 [TestNG-test=OrangeHRMTest-2] ERROR ActionDriver - Element is not visible :- class jdk.proxy2.$Proxy28 cannot be cast to class org.openqa.selenium.By (jdk.proxy2.$Proxy28 is in module jdk.proxy2 of loader 'app'; org.openqa.selenium.By is in unnamed module of loader 'app')
2025-04-06 17:23:16 [TestNG-test=OrangeHRMTest-1] ERROR BaseClass - This is a Error Message
2025-04-06 17:23:16 [TestNG-test=OrangeHRMTest-1] FATAL BaseClass - This is a Fatal Message
2025-04-06 17:23:17 [TestNG-test=OrangeHRMTest-1] ERROR ActionDriver - Element is not visible :- class jdk.proxy2.$Proxy28 cannot be cast to class org.openqa.selenium.By (jdk.proxy2.$Proxy28 is in module jdk.proxy2 of loader 'app'; org.openqa.selenium.By is in unnamed module of loader 'app')
2025-04-06 17:23:25 [TestNG-test=OrangeHRMTest-1] ERROR BaseClass - This is a Error Message
2025-04-06 17:23:25 [TestNG-test=OrangeHRMTest-1] FATAL BaseClass - This is a Fatal Message
2025-04-06 17:23:25 [TestNG-test=OrangeHRMTest-1] ERROR ActionDriver - Element is not visible :- class jdk.proxy2.$Proxy28 cannot be cast to class org.openqa.selenium.By (jdk.proxy2.$Proxy28 is in module jdk.proxy2 of loader 'app'; org.openqa.selenium.By is in unnamed module of loader 'app')
2025-04-06 17:23:26 [TestNG-test=OrangeHRMTest-1] ERROR ActionDriver - Element is not visible :- class jdk.proxy2.$Proxy28 cannot be cast to class org.openqa.selenium.By (jdk.proxy2.$Proxy28 is in module jdk.proxy2 of loader 'app'; org.openqa.selenium.By is in unnamed module of loader 'app')
2025-04-06 17:23:26 [TestNG-test=OrangeHRMTest-1] ERROR ActionDriver - Element is not visible :- class jdk.proxy2.$Proxy28 cannot be cast to class org.openqa.selenium.By (jdk.proxy2.$Proxy28 is in module jdk.proxy2 of loader 'app'; org.openqa.selenium.By is in unnamed module of loader 'app')
2025-04-06 17:23:26 [TestNG-test=OrangeHRMTest-1] ERROR ActionDriver - Element is not visible :- class jdk.proxy2.$Proxy28 cannot be cast to class org.openqa.selenium.By (jdk.proxy2.$Proxy28 is in module jdk.proxy2 of loader 'app'; org.openqa.selenium.By is in unnamed module of loader 'app')
2025-04-06 17:23:26 [TestNG-test=OrangeHRMTest-1] ERROR ActionDriver - Element is not visible :- class jdk.proxy2.$Proxy28 cannot be cast to class org.openqa.selenium.By (jdk.proxy2.$Proxy28 is in module jdk.proxy2 of loader 'app'; org.openqa.selenium.By is in unnamed module of loader 'app')
2025-04-06 17:23:38 [TestNG-test=OrangeHRMTest-1] ERROR BaseClass - This is a Error Message
2025-04-06 17:23:38 [TestNG-test=OrangeHRMTest-1] FATAL BaseClass - This is a Fatal Message
2025-04-06 17:23:38 [TestNG-test=OrangeHRMTest-1] ERROR ActionDriver - Element is not visible :- class jdk.proxy2.$Proxy28 cannot be cast to class org.openqa.selenium.By (jdk.proxy2.$Proxy28 is in module jdk.proxy2 of loader 'app'; org.openqa.selenium.By is in unnamed module of loader 'app')
2025-04-26 20:50:20 [main] ERROR BaseClass - This is a Error Message
2025-04-26 20:50:20 [main] FATAL BaseClass - This is a Fatal Message
2025-04-26 20:50:28 [main] ERROR BaseClass - This is a Error Message
2025-04-26 20:50:28 [main] FATAL BaseClass - This is a Fatal Message
2025-04-26 20:50:29 [main] ERROR ActionDriver - Element is not visible :- class jdk.proxy2.$Proxy28 cannot be cast to class org.openqa.selenium.By (jdk.proxy2.$Proxy28 is in module jdk.proxy2 of loader 'app'; org.openqa.selenium.By is in unnamed module of loader 'app')
2025-04-26 20:50:37 [main] ERROR BaseClass - This is a Error Message
2025-04-26 20:50:37 [main] FATAL BaseClass - This is a Fatal Message
2025-04-26 20:50:37 [main] ERROR ActionDriver - Element is not visible :- class jdk.proxy2.$Proxy28 cannot be cast to class org.openqa.selenium.By (jdk.proxy2.$Proxy28 is in module jdk.proxy2 of loader 'app'; org.openqa.selenium.By is in unnamed module of loader 'app')
2025-04-26 20:50:38 [main] ERROR ActionDriver - Element is not visible :- class jdk.proxy2.$Proxy28 cannot be cast to class org.openqa.selenium.By (jdk.proxy2.$Proxy28 is in module jdk.proxy2 of loader 'app'; org.openqa.selenium.By is in unnamed module of loader 'app')
2025-04-26 20:50:38 [main] ERROR ActionDriver - Element is not visible :- class jdk.proxy2.$Proxy28 cannot be cast to class org.openqa.selenium.By (jdk.proxy2.$Proxy28 is in module jdk.proxy2 of loader 'app'; org.openqa.selenium.By is in unnamed module of loader 'app')
2025-04-26 20:50:38 [main] ERROR ActionDriver - Element is not visible :- class jdk.proxy2.$Proxy28 cannot be cast to class org.openqa.selenium.By (jdk.proxy2.$Proxy28 is in module jdk.proxy2 of loader 'app'; org.openqa.selenium.By is in unnamed module of loader 'app')
2025-04-26 20:50:38 [main] ERROR ActionDriver - Element is not visible :- class jdk.proxy2.$Proxy28 cannot be cast to class org.openqa.selenium.By (jdk.proxy2.$Proxy28 is in module jdk.proxy2 of loader 'app'; org.openqa.selenium.By is in unnamed module of loader 'app')
2025-04-26 20:50:50 [main] ERROR BaseClass - This is a Error Message
2025-04-26 20:50:50 [main] FATAL BaseClass - This is a Fatal Message
2025-04-26 20:50:50 [main] ERROR ActionDriver - Element is not visible :- class jdk.proxy2.$Proxy28 cannot be cast to class org.openqa.selenium.By (jdk.proxy2.$Proxy28 is in module jdk.proxy2 of loader 'app'; org.openqa.selenium.By is in unnamed module of loader 'app')
2025-04-26 23:42:20 [main] ERROR BaseClass - This is a Error Message
2025-04-26 23:42:20 [main] FATAL BaseClass - This is a Fatal Message
2025-04-26 23:42:28 [main] ERROR BaseClass - This is a Error Message
2025-04-26 23:42:28 [main] FATAL BaseClass - This is a Fatal Message
2025-04-26 23:42:29 [main] ERROR ActionDriver - Element is not visible :- class jdk.proxy2.$Proxy29 cannot be cast to class org.openqa.selenium.By (jdk.proxy2.$Proxy29 is in module jdk.proxy2 of loader 'app'; org.openqa.selenium.By is in unnamed module of loader 'app')
2025-04-26 23:42:37 [main] ERROR BaseClass - This is a Error Message
2025-04-26 23:42:37 [main] FATAL BaseClass - This is a Fatal Message
2025-04-26 23:42:37 [main] ERROR ActionDriver - Element is not visible :- class jdk.proxy2.$Proxy29 cannot be cast to class org.openqa.selenium.By (jdk.proxy2.$Proxy29 is in module jdk.proxy2 of loader 'app'; org.openqa.selenium.By is in unnamed module of loader 'app')
2025-04-26 23:42:38 [main] ERROR ActionDriver - Element is not visible :- class jdk.proxy2.$Proxy29 cannot be cast to class org.openqa.selenium.By (jdk.proxy2.$Proxy29 is in module jdk.proxy2 of loader 'app'; org.openqa.selenium.By is in unnamed module of loader 'app')
2025-04-26 23:42:39 [main] ERROR ActionDriver - Element is not visible :- class jdk.proxy2.$Proxy29 cannot be cast to class org.openqa.selenium.By (jdk.proxy2.$Proxy29 is in module jdk.proxy2 of loader 'app'; org.openqa.selenium.By is in unnamed module of loader 'app')
2025-04-26 23:42:39 [main] ERROR ActionDriver - Element is not visible :- class jdk.proxy2.$Proxy29 cannot be cast to class org.openqa.selenium.By (jdk.proxy2.$Proxy29 is in module jdk.proxy2 of loader 'app'; org.openqa.selenium.By is in unnamed module of loader 'app')
2025-04-26 23:42:39 [main] ERROR ActionDriver - Element is not visible :- class jdk.proxy2.$Proxy29 cannot be cast to class org.openqa.selenium.By (jdk.proxy2.$Proxy29 is in module jdk.proxy2 of loader 'app'; org.openqa.selenium.By is in unnamed module of loader 'app')
2025-04-26 23:42:51 [main] ERROR BaseClass - This is a Error Message
2025-04-26 23:42:51 [main] FATAL BaseClass - This is a Fatal Message
2025-04-26 23:42:51 [main] ERROR ActionDriver - Element is not visible :- class jdk.proxy2.$Proxy29 cannot be cast to class org.openqa.selenium.By (jdk.proxy2.$Proxy29 is in module jdk.proxy2 of loader 'app'; org.openqa.selenium.By is in unnamed module of loader 'app')
2025-04-26 23:49:30 [main] ERROR BaseClass - This is a Error Message
2025-04-26 23:49:30 [main] FATAL BaseClass - This is a Fatal Message
2025-04-26 23:49:39 [main] ERROR BaseClass - This is a Error Message
2025-04-26 23:49:39 [main] FATAL BaseClass - This is a Fatal Message
2025-04-26 23:49:40 [main] ERROR ActionDriver - Element is not visible :- class jdk.proxy2.$Proxy29 cannot be cast to class org.openqa.selenium.By (jdk.proxy2.$Proxy29 is in module jdk.proxy2 of loader 'app'; org.openqa.selenium.By is in unnamed module of loader 'app')
2025-04-26 23:49:48 [main] ERROR BaseClass - This is a Error Message
2025-04-26 23:49:48 [main] FATAL BaseClass - This is a Fatal Message
2025-04-26 23:49:48 [main] ERROR ActionDriver - Element is not visible :- class jdk.proxy2.$Proxy29 cannot be cast to class org.openqa.selenium.By (jdk.proxy2.$Proxy29 is in module jdk.proxy2 of loader 'app'; org.openqa.selenium.By is in unnamed module of loader 'app')
2025-04-26 23:49:49 [main] ERROR ActionDriver - Element is not visible :- class jdk.proxy2.$Proxy29 cannot be cast to class org.openqa.selenium.By (jdk.proxy2.$Proxy29 is in module jdk.proxy2 of loader 'app'; org.openqa.selenium.By is in unnamed module of loader 'app')
2025-04-26 23:49:49 [main] ERROR ActionDriver - Element is not visible :- class jdk.proxy2.$Proxy29 cannot be cast to class org.openqa.selenium.By (jdk.proxy2.$Proxy29 is in module jdk.proxy2 of loader 'app'; org.openqa.selenium.By is in unnamed module of loader 'app')
2025-04-26 23:49:49 [main] ERROR ActionDriver - Element is not visible :- class jdk.proxy2.$Proxy29 cannot be cast to class org.openqa.selenium.By (jdk.proxy2.$Proxy29 is in module jdk.proxy2 of loader 'app'; org.openqa.selenium.By is in unnamed module of loader 'app')
2025-04-26 23:49:49 [main] ERROR ActionDriver - Element is not visible :- class jdk.proxy2.$Proxy29 cannot be cast to class org.openqa.selenium.By (jdk.proxy2.$Proxy29 is in module jdk.proxy2 of loader 'app'; org.openqa.selenium.By is in unnamed module of loader 'app')
2025-04-26 23:50:01 [main] ERROR BaseClass - This is a Error Message
2025-04-26 23:50:01 [main] FATAL BaseClass - This is a Fatal Message
2025-04-26 23:50:01 [main] ERROR ActionDriver - Element is not visible :- class jdk.proxy2.$Proxy29 cannot be cast to class org.openqa.selenium.By (jdk.proxy2.$Proxy29 is in module jdk.proxy2 of loader 'app'; org.openqa.selenium.By is in unnamed module of loader 'app')
2025-05-25 15:32:13 [TestNG-test=OrangeHRMTest-1] ERROR BaseClass - This is a Error Message
2025-05-25 15:32:13 [TestNG-test=OrangeHRMTest-1] FATAL BaseClass - This is a Fatal Message
2025-05-25 15:32:13 [TestNG-test=OrangeHRMTest-2] ERROR BaseClass - This is a Error Message
2025-05-25 15:32:13 [TestNG-test=OrangeHRMTest-2] FATAL BaseClass - This is a Fatal Message
2025-05-25 15:32:13 [TestNG-test=OrangeHRMTest-2] ERROR ActionDriver - Element is not visible :- class jdk.proxy2.$Proxy29 cannot be cast to class org.openqa.selenium.By (jdk.proxy2.$Proxy29 is in module jdk.proxy2 of loader 'app'; org.openqa.selenium.By is in unnamed module of loader 'app')
2025-05-25 15:32:14 [TestNG-test=OrangeHRMTest-2] ERROR ActionDriver - Element is not visible :- class jdk.proxy2.$Proxy29 cannot be cast to class org.openqa.selenium.By (jdk.proxy2.$Proxy29 is in module jdk.proxy2 of loader 'app'; org.openqa.selenium.By is in unnamed module of loader 'app')
2025-05-25 15:32:21 [TestNG-test=OrangeHRMTest-2] ERROR ActionDriver - Element is not visible :- class jdk.proxy2.$Proxy29 cannot be cast to class org.openqa.selenium.By (jdk.proxy2.$Proxy29 is in module jdk.proxy2 of loader 'app'; org.openqa.selenium.By is in unnamed module of loader 'app')
2025-05-25 15:32:26 [TestNG-test=OrangeHRMTest-1] ERROR BaseClass - This is a Error Message
2025-05-25 15:32:26 [TestNG-test=OrangeHRMTest-1] FATAL BaseClass - This is a Fatal Message
2025-05-25 15:32:33 [TestNG-test=OrangeHRMTest-1] ERROR ActionDriver - Element is not visible :- class jdk.proxy2.$Proxy29 cannot be cast to class org.openqa.selenium.By (jdk.proxy2.$Proxy29 is in module jdk.proxy2 of loader 'app'; org.openqa.selenium.By is in unnamed module of loader 'app')
2025-05-25 15:32:43 [TestNG-test=OrangeHRMTest-1] ERROR BaseClass - This is a Error Message
2025-05-25 15:32:43 [TestNG-test=OrangeHRMTest-1] FATAL BaseClass - This is a Fatal Message
2025-05-25 15:32:43 [TestNG-test=OrangeHRMTest-1] ERROR ActionDriver - Element is not visible :- class jdk.proxy2.$Proxy29 cannot be cast to class org.openqa.selenium.By (jdk.proxy2.$Proxy29 is in module jdk.proxy2 of loader 'app'; org.openqa.selenium.By is in unnamed module of loader 'app')
2025-05-25 15:32:44 [TestNG-test=OrangeHRMTest-1] ERROR ActionDriver - Element is not visible :- class jdk.proxy2.$Proxy29 cannot be cast to class org.openqa.selenium.By (jdk.proxy2.$Proxy29 is in module jdk.proxy2 of loader 'app'; org.openqa.selenium.By is in unnamed module of loader 'app')
2025-05-25 15:32:45 [TestNG-test=OrangeHRMTest-1] ERROR ActionDriver - Element is not visible :- class jdk.proxy2.$Proxy29 cannot be cast to class org.openqa.selenium.By (jdk.proxy2.$Proxy29 is in module jdk.proxy2 of loader 'app'; org.openqa.selenium.By is in unnamed module of loader 'app')
2025-05-25 15:32:45 [TestNG-test=OrangeHRMTest-1] ERROR ActionDriver - Element is not visible :- class jdk.proxy2.$Proxy29 cannot be cast to class org.openqa.selenium.By (jdk.proxy2.$Proxy29 is in module jdk.proxy2 of loader 'app'; org.openqa.selenium.By is in unnamed module of loader 'app')
2025-05-25 15:32:45 [TestNG-test=OrangeHRMTest-1] ERROR ActionDriver - Element is not visible :- class jdk.proxy2.$Proxy29 cannot be cast to class org.openqa.selenium.By (jdk.proxy2.$Proxy29 is in module jdk.proxy2 of loader 'app'; org.openqa.selenium.By is in unnamed module of loader 'app')
2025-05-25 15:32:57 [TestNG-test=OrangeHRMTest-1] ERROR BaseClass - This is a Error Message
2025-05-25 15:32:57 [TestNG-test=OrangeHRMTest-1] FATAL BaseClass - This is a Fatal Message
2025-05-25 15:32:57 [TestNG-test=OrangeHRMTest-1] ERROR ActionDriver - Element is not visible :- class jdk.proxy2.$Proxy29 cannot be cast to class org.openqa.selenium.By (jdk.proxy2.$Proxy29 is in module jdk.proxy2 of loader 'app'; org.openqa.selenium.By is in unnamed module of loader 'app')
2025-05-25 17:24:18 [main] ERROR BaseClass - This is a Error Message
2025-05-25 17:24:18 [main] FATAL BaseClass - This is a Fatal Message
2025-05-25 17:24:19 [main] ERROR ActionDriver - Element is not visible :- class jdk.proxy2.$Proxy25 cannot be cast to class org.openqa.selenium.By (jdk.proxy2.$Proxy25 is in module jdk.proxy2 of loader 'app'; org.openqa.selenium.By is in unnamed module of loader 'app')
2025-05-25 17:24:19 [main] ERROR ActionDriver - Element is not visible :- class jdk.proxy2.$Proxy25 cannot be cast to class org.openqa.selenium.By (jdk.proxy2.$Proxy25 is in module jdk.proxy2 of loader 'app'; org.openqa.selenium.By is in unnamed module of loader 'app')
2025-05-25 17:24:21 [main] ERROR ActionDriver - Element is not visible :- class jdk.proxy2.$Proxy25 cannot be cast to class org.openqa.selenium.By (jdk.proxy2.$Proxy25 is in module jdk.proxy2 of loader 'app'; org.openqa.selenium.By is in unnamed module of loader 'app')
2025-05-25 17:24:35 [main] ERROR BaseClass - This is a Error Message
2025-05-25 17:24:35 [main] FATAL BaseClass - This is a Fatal Message
2025-05-25 17:24:43 [main] ERROR BaseClass - This is a Error Message
2025-05-25 17:24:43 [main] FATAL BaseClass - This is a Fatal Message
2025-05-25 17:24:44 [main] ERROR ActionDriver - Element is not visible :- class jdk.proxy2.$Proxy25 cannot be cast to class org.openqa.selenium.By (jdk.proxy2.$Proxy25 is in module jdk.proxy2 of loader 'app'; org.openqa.selenium.By is in unnamed module of loader 'app')
2025-05-25 17:24:52 [main] ERROR BaseClass - This is a Error Message
2025-05-25 17:24:52 [main] FATAL BaseClass - This is a Fatal Message
2025-05-25 17:24:52 [main] ERROR ActionDriver - Element is not visible :- class jdk.proxy2.$Proxy25 cannot be cast to class org.openqa.selenium.By (jdk.proxy2.$Proxy25 is in module jdk.proxy2 of loader 'app'; org.openqa.selenium.By is in unnamed module of loader 'app')
2025-05-25 17:24:52 [main] ERROR ActionDriver - Element is not visible :- class jdk.proxy2.$Proxy25 cannot be cast to class org.openqa.selenium.By (jdk.proxy2.$Proxy25 is in module jdk.proxy2 of loader 'app'; org.openqa.selenium.By is in unnamed module of loader 'app')
2025-05-25 17:24:53 [main] ERROR ActionDriver - Element is not visible :- class jdk.proxy2.$Proxy25 cannot be cast to class org.openqa.selenium.By (jdk.proxy2.$Proxy25 is in module jdk.proxy2 of loader 'app'; org.openqa.selenium.By is in unnamed module of loader 'app')
2025-05-25 17:24:53 [main] ERROR ActionDriver - Element is not visible :- class jdk.proxy2.$Proxy25 cannot be cast to class org.openqa.selenium.By (jdk.proxy2.$Proxy25 is in module jdk.proxy2 of loader 'app'; org.openqa.selenium.By is in unnamed module of loader 'app')
2025-05-25 17:24:53 [main] ERROR ActionDriver - Element is not visible :- class jdk.proxy2.$Proxy25 cannot be cast to class org.openqa.selenium.By (jdk.proxy2.$Proxy25 is in module jdk.proxy2 of loader 'app'; org.openqa.selenium.By is in unnamed module of loader 'app')
2025-05-25 17:25:05 [main] ERROR BaseClass - This is a Error Message
2025-05-25 17:25:05 [main] FATAL BaseClass - This is a Fatal Message
2025-05-25 17:25:05 [main] ERROR ActionDriver - Element is not visible :- class jdk.proxy2.$Proxy25 cannot be cast to class org.openqa.selenium.By (jdk.proxy2.$Proxy25 is in module jdk.proxy2 of loader 'app'; org.openqa.selenium.By is in unnamed module of loader 'app')
2025-05-25 17:26:39 [main] ERROR BaseClass - This is a Error Message
2025-05-25 17:26:39 [main] FATAL BaseClass - This is a Fatal Message
2025-05-25 17:26:39 [main] ERROR ActionDriver - Element is not visible :- class jdk.proxy2.$Proxy25 cannot be cast to class org.openqa.selenium.By (jdk.proxy2.$Proxy25 is in module jdk.proxy2 of loader 'app'; org.openqa.selenium.By is in unnamed module of loader 'app')
2025-05-25 17:26:41 [main] ERROR ActionDriver - Element is not visible :- class jdk.proxy2.$Proxy25 cannot be cast to class org.openqa.selenium.By (jdk.proxy2.$Proxy25 is in module jdk.proxy2 of loader 'app'; org.openqa.selenium.By is in unnamed module of loader 'app')
2025-05-25 17:26:41 [main] ERROR ActionDriver - Element is not visible :- class jdk.proxy2.$Proxy25 cannot be cast to class org.openqa.selenium.By (jdk.proxy2.$Proxy25 is in module jdk.proxy2 of loader 'app'; org.openqa.selenium.By is in unnamed module of loader 'app')
2025-05-25 17:26:57 [main] ERROR BaseClass - This is a Error Message
2025-05-25 17:26:57 [main] FATAL BaseClass - This is a Fatal Message
2025-05-25 17:27:05 [main] ERROR BaseClass - This is a Error Message
2025-05-25 17:27:05 [main] FATAL BaseClass - This is a Fatal Message
2025-05-25 17:27:06 [main] ERROR ActionDriver - Element is not visible :- class jdk.proxy2.$Proxy25 cannot be cast to class org.openqa.selenium.By (jdk.proxy2.$Proxy25 is in module jdk.proxy2 of loader 'app'; org.openqa.selenium.By is in unnamed module of loader 'app')
2025-05-25 17:27:13 [main] ERROR BaseClass - This is a Error Message
2025-05-25 17:27:13 [main] FATAL BaseClass - This is a Fatal Message
2025-05-25 17:27:13 [main] ERROR ActionDriver - Element is not visible :- class jdk.proxy2.$Proxy25 cannot be cast to class org.openqa.selenium.By (jdk.proxy2.$Proxy25 is in module jdk.proxy2 of loader 'app'; org.openqa.selenium.By is in unnamed module of loader 'app')
2025-05-25 17:27:15 [main] ERROR ActionDriver - Element is not visible :- class jdk.proxy2.$Proxy25 cannot be cast to class org.openqa.selenium.By (jdk.proxy2.$Proxy25 is in module jdk.proxy2 of loader 'app'; org.openqa.selenium.By is in unnamed module of loader 'app')
2025-05-25 17:27:15 [main] ERROR ActionDriver - Element is not visible :- class jdk.proxy2.$Proxy25 cannot be cast to class org.openqa.selenium.By (jdk.proxy2.$Proxy25 is in module jdk.proxy2 of loader 'app'; org.openqa.selenium.By is in unnamed module of loader 'app')
2025-05-25 17:27:15 [main] ERROR ActionDriver - Element is not visible :- class jdk.proxy2.$Proxy25 cannot be cast to class org.openqa.selenium.By (jdk.proxy2.$Proxy25 is in module jdk.proxy2 of loader 'app'; org.openqa.selenium.By is in unnamed module of loader 'app')
2025-05-25 17:27:15 [main] ERROR ActionDriver - Element is not visible :- class jdk.proxy2.$Proxy25 cannot be cast to class org.openqa.selenium.By (jdk.proxy2.$Proxy25 is in module jdk.proxy2 of loader 'app'; org.openqa.selenium.By is in unnamed module of loader 'app')
2025-05-25 17:27:27 [main] ERROR BaseClass - This is a Error Message
2025-05-25 17:27:27 [main] FATAL BaseClass - This is a Fatal Message
2025-05-25 17:27:27 [main] ERROR ActionDriver - Element is not visible :- class jdk.proxy2.$Proxy25 cannot be cast to class org.openqa.selenium.By (jdk.proxy2.$Proxy25 is in module jdk.proxy2 of loader 'app'; org.openqa.selenium.By is in unnamed module of loader 'app')
2025-05-25 17:29:04 [TestNG-test=OrangeHRMTest-2] ERROR BaseClass - This is a Error Message
2025-05-25 17:29:04 [TestNG-test=OrangeHRMTest-2] FATAL BaseClass - This is a Fatal Message
2025-05-25 17:29:04 [TestNG-test=OrangeHRMTest-1] ERROR BaseClass - This is a Error Message
2025-05-25 17:29:04 [TestNG-test=OrangeHRMTest-1] FATAL BaseClass - This is a Fatal Message
2025-05-25 17:29:04 [TestNG-test=OrangeHRMTest-2] ERROR ActionDriver - Element is not visible :- class jdk.proxy2.$Proxy29 cannot be cast to class org.openqa.selenium.By (jdk.proxy2.$Proxy29 is in module jdk.proxy2 of loader 'app'; org.openqa.selenium.By is in unnamed module of loader 'app')
2025-05-25 17:29:06 [TestNG-test=OrangeHRMTest-2] ERROR ActionDriver - Element is not visible :- class jdk.proxy2.$Proxy29 cannot be cast to class org.openqa.selenium.By (jdk.proxy2.$Proxy29 is in module jdk.proxy2 of loader 'app'; org.openqa.selenium.By is in unnamed module of loader 'app')
2025-05-25 17:29:06 [TestNG-test=OrangeHRMTest-2] ERROR ActionDriver - Element is not visible :- class jdk.proxy2.$Proxy29 cannot be cast to class org.openqa.selenium.By (jdk.proxy2.$Proxy29 is in module jdk.proxy2 of loader 'app'; org.openqa.selenium.By is in unnamed module of loader 'app')
2025-05-25 17:29:13 [TestNG-test=OrangeHRMTest-1] ERROR BaseClass - This is a Error Message
2025-05-25 17:29:13 [TestNG-test=OrangeHRMTest-1] FATAL BaseClass - This is a Fatal Message
2025-05-25 17:29:14 [TestNG-test=OrangeHRMTest-1] ERROR ActionDriver - Element is not visible :- class jdk.proxy2.$Proxy29 cannot be cast to class org.openqa.selenium.By (jdk.proxy2.$Proxy29 is in module jdk.proxy2 of loader 'app'; org.openqa.selenium.By is in unnamed module of loader 'app')
2025-05-25 17:29:22 [TestNG-test=OrangeHRMTest-1] ERROR BaseClass - This is a Error Message
2025-05-25 17:29:22 [TestNG-test=OrangeHRMTest-1] FATAL BaseClass - This is a Fatal Message
2025-05-25 17:29:22 [TestNG-test=OrangeHRMTest-1] ERROR ActionDriver - Element is not visible :- class jdk.proxy2.$Proxy29 cannot be cast to class org.openqa.selenium.By (jdk.proxy2.$Proxy29 is in module jdk.proxy2 of loader 'app'; org.openqa.selenium.By is in unnamed module of loader 'app')
2025-05-25 17:29:23 [TestNG-test=OrangeHRMTest-1] ERROR ActionDriver - Element is not visible :- class jdk.proxy2.$Proxy29 cannot be cast to class org.openqa.selenium.By (jdk.proxy2.$Proxy29 is in module jdk.proxy2 of loader 'app'; org.openqa.selenium.By is in unnamed module of loader 'app')
2025-05-25 17:29:24 [TestNG-test=OrangeHRMTest-1] ERROR ActionDriver - Element is not visible :- class jdk.proxy2.$Proxy29 cannot be cast to class org.openqa.selenium.By (jdk.proxy2.$Proxy29 is in module jdk.proxy2 of loader 'app'; org.openqa.selenium.By is in unnamed module of loader 'app')
2025-05-25 17:29:24 [TestNG-test=OrangeHRMTest-1] ERROR ActionDriver - Element is not visible :- class jdk.proxy2.$Proxy29 cannot be cast to class org.openqa.selenium.By (jdk.proxy2.$Proxy29 is in module jdk.proxy2 of loader 'app'; org.openqa.selenium.By is in unnamed module of loader 'app')
2025-05-25 17:29:24 [TestNG-test=OrangeHRMTest-1] ERROR ActionDriver - Element is not visible :- class jdk.proxy2.$Proxy29 cannot be cast to class org.openqa.selenium.By (jdk.proxy2.$Proxy29 is in module jdk.proxy2 of loader 'app'; org.openqa.selenium.By is in unnamed module of loader 'app')
2025-05-25 17:29:36 [TestNG-test=OrangeHRMTest-1] ERROR BaseClass - This is a Error Message
2025-05-25 17:29:36 [TestNG-test=OrangeHRMTest-1] FATAL BaseClass - This is a Fatal Message
2025-05-25 17:29:36 [TestNG-test=OrangeHRMTest-1] ERROR ActionDriver - Element is not visible :- class jdk.proxy2.$Proxy29 cannot be cast to class org.openqa.selenium.By (jdk.proxy2.$Proxy29 is in module jdk.proxy2 of loader 'app'; org.openqa.selenium.By is in unnamed module of loader 'app')
2025-05-25 19:34:51 [TestNG-test=OrangeHRMTest-2] ERROR BaseClass - This is a Error Message
2025-05-25 19:34:51 [TestNG-test=OrangeHRMTest-2] FATAL BaseClass - This is a Fatal Message
2025-05-25 19:34:51 [TestNG-test=OrangeHRMTest-2] ERROR ActionDriver - Element is not visible :- class jdk.proxy2.$Proxy29 cannot be cast to class org.openqa.selenium.By (jdk.proxy2.$Proxy29 is in module jdk.proxy2 of loader 'app'; org.openqa.selenium.By is in unnamed module of loader 'app')
2025-05-25 19:34:52 [TestNG-test=OrangeHRMTest-1] ERROR BaseClass - This is a Error Message
2025-05-25 19:34:52 [TestNG-test=OrangeHRMTest-1] FATAL BaseClass - This is a Fatal Message
2025-05-25 19:34:52 [TestNG-test=OrangeHRMTest-2] ERROR ActionDriver - Element is not visible :- class jdk.proxy2.$Proxy29 cannot be cast to class org.openqa.selenium.By (jdk.proxy2.$Proxy29 is in module jdk.proxy2 of loader 'app'; org.openqa.selenium.By is in unnamed module of loader 'app')
2025-05-25 19:34:53 [TestNG-test=OrangeHRMTest-2] ERROR ActionDriver - Element is not visible :- class jdk.proxy2.$Proxy29 cannot be cast to class org.openqa.selenium.By (jdk.proxy2.$Proxy29 is in module jdk.proxy2 of loader 'app'; org.openqa.selenium.By is in unnamed module of loader 'app')
2025-05-25 19:35:03 [TestNG-test=OrangeHRMTest-1] ERROR BaseClass - This is a Error Message
2025-05-25 19:35:03 [TestNG-test=OrangeHRMTest-1] FATAL BaseClass - This is a Fatal Message
2025-05-25 19:35:05 [TestNG-test=OrangeHRMTest-1] ERROR ActionDriver - Element is not visible :- class jdk.proxy2.$Proxy29 cannot be cast to class org.openqa.selenium.By (jdk.proxy2.$Proxy29 is in module jdk.proxy2 of loader 'app'; org.openqa.selenium.By is in unnamed module of loader 'app')
2025-05-25 19:35:13 [TestNG-test=OrangeHRMTest-1] ERROR BaseClass - This is a Error Message
2025-05-25 19:35:13 [TestNG-test=OrangeHRMTest-1] FATAL BaseClass - This is a Fatal Message
2025-05-25 19:35:13 [TestNG-test=OrangeHRMTest-1] ERROR ActionDriver - Element is not visible :- class jdk.proxy2.$Proxy29 cannot be cast to class org.openqa.selenium.By (jdk.proxy2.$Proxy29 is in module jdk.proxy2 of loader 'app'; org.openqa.selenium.By is in unnamed module of loader 'app')
2025-05-25 19:35:14 [TestNG-test=OrangeHRMTest-1] ERROR ActionDriver - Element is not visible :- class jdk.proxy2.$Proxy29 cannot be cast to class org.openqa.selenium.By (jdk.proxy2.$Proxy29 is in module jdk.proxy2 of loader 'app'; org.openqa.selenium.By is in unnamed module of loader 'app')
2025-05-25 19:35:15 [TestNG-test=OrangeHRMTest-1] ERROR ActionDriver - Element is not visible :- class jdk.proxy2.$Proxy29 cannot be cast to class org.openqa.selenium.By (jdk.proxy2.$Proxy29 is in module jdk.proxy2 of loader 'app'; org.openqa.selenium.By is in unnamed module of loader 'app')
2025-05-25 19:35:15 [TestNG-test=OrangeHRMTest-1] ERROR ActionDriver - Element is not visible :- class jdk.proxy2.$Proxy29 cannot be cast to class org.openqa.selenium.By (jdk.proxy2.$Proxy29 is in module jdk.proxy2 of loader 'app'; org.openqa.selenium.By is in unnamed module of loader 'app')
2025-05-25 19:35:15 [TestNG-test=OrangeHRMTest-1] ERROR ActionDriver - Element is not visible :- class jdk.proxy2.$Proxy29 cannot be cast to class org.openqa.selenium.By (jdk.proxy2.$Proxy29 is in module jdk.proxy2 of loader 'app'; org.openqa.selenium.By is in unnamed module of loader 'app')
2025-05-25 19:35:28 [TestNG-test=OrangeHRMTest-1] ERROR BaseClass - This is a Error Message
2025-05-25 19:35:28 [TestNG-test=OrangeHRMTest-1] FATAL BaseClass - This is a Fatal Message
2025-05-25 19:35:28 [TestNG-test=OrangeHRMTest-1] ERROR ActionDriver - Element is not visible :- class jdk.proxy2.$Proxy29 cannot be cast to class org.openqa.selenium.By (jdk.proxy2.$Proxy29 is in module jdk.proxy2 of loader 'app'; org.openqa.selenium.By is in unnamed module of loader 'app')
2025-05-25 19:37:49 [main] ERROR BaseClass - This is a Error Message
2025-05-25 19:37:49 [main] FATAL BaseClass - This is a Fatal Message
2025-05-25 19:37:49 [main] ERROR ActionDriver - Element is not visible :- class jdk.proxy2.$Proxy25 cannot be cast to class org.openqa.selenium.By (jdk.proxy2.$Proxy25 is in module jdk.proxy2 of loader 'app'; org.openqa.selenium.By is in unnamed module of loader 'app')
2025-05-25 19:37:51 [main] ERROR ActionDriver - Element is not visible :- class jdk.proxy2.$Proxy25 cannot be cast to class org.openqa.selenium.By (jdk.proxy2.$Proxy25 is in module jdk.proxy2 of loader 'app'; org.openqa.selenium.By is in unnamed module of loader 'app')
2025-05-25 19:37:51 [main] ERROR ActionDriver - Element is not visible :- class jdk.proxy2.$Proxy25 cannot be cast to class org.openqa.selenium.By (jdk.proxy2.$Proxy25 is in module jdk.proxy2 of loader 'app'; org.openqa.selenium.By is in unnamed module of loader 'app')
2025-05-25 19:38:06 [main] ERROR BaseClass - This is a Error Message
2025-05-25 19:38:06 [main] FATAL BaseClass - This is a Fatal Message
2025-05-25 19:38:14 [main] ERROR BaseClass - This is a Error Message
2025-05-25 19:38:14 [main] FATAL BaseClass - This is a Fatal Message
2025-05-25 19:38:15 [main] ERROR ActionDriver - Element is not visible :- class jdk.proxy2.$Proxy25 cannot be cast to class org.openqa.selenium.By (jdk.proxy2.$Proxy25 is in module jdk.proxy2 of loader 'app'; org.openqa.selenium.By is in unnamed module of loader 'app')
2025-05-25 19:38:24 [main] ERROR BaseClass - This is a Error Message
2025-05-25 19:38:24 [main] FATAL BaseClass - This is a Fatal Message
2025-05-25 19:38:24 [main] ERROR ActionDriver - Element is not visible :- class jdk.proxy2.$Proxy25 cannot be cast to class org.openqa.selenium.By (jdk.proxy2.$Proxy25 is in module jdk.proxy2 of loader 'app'; org.openqa.selenium.By is in unnamed module of loader 'app')
2025-05-25 19:38:25 [main] ERROR ActionDriver - Element is not visible :- class jdk.proxy2.$Proxy25 cannot be cast to class org.openqa.selenium.By (jdk.proxy2.$Proxy25 is in module jdk.proxy2 of loader 'app'; org.openqa.selenium.By is in unnamed module of loader 'app')
2025-05-25 19:38:25 [main] ERROR ActionDriver - Element is not visible :- class jdk.proxy2.$Proxy25 cannot be cast to class org.openqa.selenium.By (jdk.proxy2.$Proxy25 is in module jdk.proxy2 of loader 'app'; org.openqa.selenium.By is in unnamed module of loader 'app')
2025-05-25 19:38:25 [main] ERROR ActionDriver - Element is not visible :- class jdk.proxy2.$Proxy25 cannot be cast to class org.openqa.selenium.By (jdk.proxy2.$Proxy25 is in module jdk.proxy2 of loader 'app'; org.openqa.selenium.By is in unnamed module of loader 'app')
2025-05-25 19:38:25 [main] ERROR ActionDriver - Element is not visible :- class jdk.proxy2.$Proxy25 cannot be cast to class org.openqa.selenium.By (jdk.proxy2.$Proxy25 is in module jdk.proxy2 of loader 'app'; org.openqa.selenium.By is in unnamed module of loader 'app')
2025-05-25 19:38:37 [main] ERROR BaseClass - This is a Error Message
2025-05-25 19:38:37 [main] FATAL BaseClass - This is a Fatal Message
2025-05-25 19:38:37 [main] ERROR ActionDriver - Element is not visible :- class jdk.proxy2.$Proxy25 cannot be cast to class org.openqa.selenium.By (jdk.proxy2.$Proxy25 is in module jdk.proxy2 of loader 'app'; org.openqa.selenium.By is in unnamed module of loader 'app')
